Industry,ConstructionType,Switch Time,Measure
Stores and Restaurants,New Construction,2024,1945810
Stores and Restaurants,New Construction,2023,8396117
Stores and Restaurants,New Construction,2022,7824202
Stores and Restaurants,New Construction,2021,6504224
Stores and Restaurants,New Construction,2020,5853820
Stores and Restaurants,New Construction,2019,7874889
Stores and Restaurants,New Construction,2018,8507499
Stores and Restaurants,New Construction,2017,10288949
Stores and Restaurants,New Construction,2016,10778809
Stores and Restaurants,New Construction,2015,11658939
Stores and Restaurants,Major Addition,2024,87029
Stores and Restaurants,Major Addition,2023,373358
Stores and Restaurants,Major Addition,2022,183299
Stores and Restaurants,Major Addition,2021,181478
Stores and Restaurants,Major Addition,2020,120160
Stores and Restaurants,Major Addition,2019,195653
Stores and Restaurants,Major Addition,2018,139569
Stores and Restaurants,Major Addition,2017,329184
Stores and Restaurants,Major Addition,2016,358872
Stores and Restaurants,Major Addition,2015,151342
Stores and Restaurants,Add and Alteration,2024,188825
Stores and Restaurants,Add and Alteration,2023,456509
Stores and Restaurants,Add and Alteration,2022,602135
Stores and Restaurants,Add and Alteration,2021,436415
Stores and Restaurants,Add and Alteration,2020,401570
Stores and Restaurants,Add and Alteration,2019,500906
Stores and Restaurants,Add and Alteration,2018,698966
Stores and Restaurants,Add and Alteration,2017,762272
Stores and Restaurants,Add and Alteration,2016,911193
Stores and Restaurants,Add and Alteration,2015,1262024
Stores and Restaurants,Major Alteration,2024,2552287
Stores and Restaurants,Major Alteration,2023,10306374
Stores and Restaurants,Major Alteration,2022,10870410
Stores and Restaurants,Major Alteration,2021,7887825
Stores and Restaurants,Major Alteration,2020,6225653
Stores and Restaurants,Major Alteration,2019,8028454
Stores and Restaurants,Major Alteration,2018,7766779
Stores and Restaurants,Major Alteration,2017,8851463
Stores and Restaurants,Major Alteration,2016,9053911
Stores and Restaurants,Major Alteration,2015,7209374
Warehouses (excl. manufacturer owned),New Construction,2024,8336395
Warehouses (excl. manufacturer owned),New Construction,2023,41463549
Warehouses (excl. manufacturer owned),New Construction,2022,56141391
Warehouses (excl. manufacturer owned),New Construction,2021,45832807
Warehouses (excl. manufacturer owned),New Construction,2020,32122855
Warehouses (excl. manufacturer owned),New Construction,2019,27557589
Warehouses (excl. manufacturer owned),New Construction,2018,21606969
Warehouses (excl. manufacturer owned),New Construction,2017,20890042
Warehouses (excl. manufacturer owned),New Construction,2016,17247102
Warehouses (excl. manufacturer owned),New Construction,2015,13023323
Warehouses (excl. manufacturer owned),Major Addition,2024,280739
Warehouses (excl. manufacturer owned),Major Addition,2023,1271160
Warehouses (excl. manufacturer owned),Major Addition,2022,1166406
Warehouses (excl. manufacturer owned),Major Addition,2021,703592
Warehouses (excl. manufacturer owned),Major Addition,2020,826865
Warehouses (excl. manufacturer owned),Major Addition,2019,517668
Warehouses (excl. manufacturer owned),Major Addition,2018,621629
Warehouses (excl. manufacturer owned),Major Addition,2017,716806
Warehouses (excl. manufacturer owned),Major Addition,2016,559206
Warehouses (excl. manufacturer owned),Major Addition,2015,662551
Warehouses (excl. manufacturer owned),Add and Alteration,2024,196279
Warehouses (excl. manufacturer owned),Add and Alteration,2023,373323
Warehouses (excl. manufacturer owned),Add and Alteration,2022,422367
Warehouses (excl. manufacturer owned),Add and Alteration,2021,521707
Warehouses (excl. manufacturer owned),Add and Alteration,2020,395305
Warehouses (excl. manufacturer owned),Add and Alteration,2019,477945
Warehouses (excl. manufacturer owned),Add and Alteration,2018,489719
Warehouses (excl. manufacturer owned),Add and Alteration,2017,429104
Warehouses (excl. manufacturer owned),Add and Alteration,2016,450231
Warehouses (excl. manufacturer owned),Add and Alteration,2015,268939
Warehouses (excl. manufacturer owned),Major Alteration,2024,1022846
Warehouses (excl. manufacturer owned),Major Alteration,2023,3667902
Warehouses (excl. manufacturer owned),Major Alteration,2022,3293721
Warehouses (excl. manufacturer owned),Major Alteration,2021,2599268
Warehouses (excl. manufacturer owned),Major Alteration,2020,2226913
Warehouses (excl. manufacturer owned),Major Alteration,2019,1798178
Warehouses (excl. manufacturer owned),Major Alteration,2018,1458212
Warehouses (excl. manufacturer owned),Major Alteration,2017,1576127
Warehouses (excl. manufacturer owned),Major Alteration,2016,1785284
Warehouses (excl. manufacturer owned),Major Alteration,2015,1500584
Office and Bank Buildings,New Construction,2024,5502003
Office and Bank Buildings,New Construction,2023,30017944
Office and Bank Buildings,New Construction,2022,32881483
Office and Bank Buildings,New Construction,2021,23294248
Office and Bank Buildings,New Construction,2020,26303225
Office and Bank Buildings,New Construction,2019,32809222
Office and Bank Buildings,New Construction,2018,31846412
Office and Bank Buildings,New Construction,2017,25701223
Office and Bank Buildings,New Construction,2016,22949993
Office and Bank Buildings,New Construction,2015,19037010
Office and Bank Buildings,Major Addition,2024,343756
Office and Bank Buildings,Major Addition,2023,1238765
Office and Bank Buildings,Major Addition,2022,663346
Office and Bank Buildings,Major Addition,2021,336265
Office and Bank Buildings,Major Addition,2020,330832
Office and Bank Buildings,Major Addition,2019,585112
Office and Bank Buildings,Major Addition,2018,659641
Office and Bank Buildings,Major Addition,2017,781907
Office and Bank Buildings,Major Addition,2016,629246
Office and Bank Buildings,Major Addition,2015,1318362
Office and Bank Buildings,Add and Alteration,2024,147728
Office and Bank Buildings,Add and Alteration,2023,1199602
Office and Bank Buildings,Add and Alteration,2022,767222
Office and Bank Buildings,Add and Alteration,2021,2421676
Office and Bank Buildings,Add and Alteration,2020,2538585
Office and Bank Buildings,Add and Alteration,2019,1805886
Office and Bank Buildings,Add and Alteration,2018,1826310
Office and Bank Buildings,Add and Alteration,2017,1386948
Office and Bank Buildings,Add and Alteration,2016,1360098
Office and Bank Buildings,Add and Alteration,2015,801856
Office and Bank Buildings,Major Alteration,2024,6477204
Office and Bank Buildings,Major Alteration,2023,21762035
Office and Bank Buildings,Major Alteration,2022,19277510
Office and Bank Buildings,Major Alteration,2021,15519802
Office and Bank Buildings,Major Alteration,2020,14921845
Office and Bank Buildings,Major Alteration,2019,19098284
Office and Bank Buildings,Major Alteration,2018,13926789
Office and Bank Buildings,Major Alteration,2017,13770086
Office and Bank Buildings,Major Alteration,2016,14542046
Office and Bank Buildings,Major Alteration,2015,10227327
Parking Garages and Automotive Services,New Construction,2024,3593613
Parking Garages and Automotive Services,New Construction,2023,15911408
Parking Garages and Automotive Services,New Construction,2022,18160659
Parking Garages and Automotive Services,New Construction,2021,14375544
Parking Garages and Automotive Services,New Construction,2020,11077267
Parking Garages and Automotive Services,New Construction,2019,19029223
Parking Garages and Automotive Services,New Construction,2018,13872266
Parking Garages and Automotive Services,New Construction,2017,13000053
Parking Garages and Automotive Services,New Construction,2016,13825907
Parking Garages and Automotive Services,New Construction,2015,11187395
Parking Garages and Automotive Services,Major Addition,2024,68367
Parking Garages and Automotive Services,Major Addition,2023,440291
Parking Garages and Automotive Services,Major Addition,2022,450695
Parking Garages and Automotive Services,Major Addition,2021,258365
Parking Garages and Automotive Services,Major Addition,2020,130693
Parking Garages and Automotive Services,Major Addition,2019,231214
Parking Garages and Automotive Services,Major Addition,2018,325723
Parking Garages and Automotive Services,Major Addition,2017,268815
Parking Garages and Automotive Services,Major Addition,2016,282254
Parking Garages and Automotive Services,Major Addition,2015,261989
Parking Garages and Automotive Services,Add and Alteration,2024,111935
Parking Garages and Automotive Services,Add and Alteration,2023,395110
Parking Garages and Automotive Services,Add and Alteration,2022,418987
Parking Garages and Automotive Services,Add and Alteration,2021,555074
Parking Garages and Automotive Services,Add and Alteration,2020,252559
Parking Garages and Automotive Services,Add and Alteration,2019,158464
Parking Garages and Automotive Services,Add and Alteration,2018,371847
Parking Garages and Automotive Services,Add and Alteration,2017,266229
Parking Garages and Automotive Services,Add and Alteration,2016,264484
Parking Garages and Automotive Services,Add and Alteration,2015,291789
Parking Garages and Automotive Services,Major Alteration,2024,357515
Parking Garages and Automotive Services,Major Alteration,2023,1219133
Parking Garages and Automotive Services,Major Alteration,2022,1190027
Parking Garages and Automotive Services,Major Alteration,2021,1019902
Parking Garages and Automotive Services,Major Alteration,2020,812703
Parking Garages and Automotive Services,Major Alteration,2019,974698
Parking Garages and Automotive Services,Major Alteration,2018,819104
Parking Garages and Automotive Services,Major Alteration,2017,723672
Parking Garages and Automotive Services,Major Alteration,2016,878786
Parking Garages and Automotive Services,Major Alteration,2015,900759
Manufacturing and Processing Plants,New Construction,2024,7273594
Manufacturing and Processing Plants,New Construction,2023,59482618
Manufacturing and Processing Plants,New Construction,2022,85549683
Manufacturing and Processing Plants,New Construction,2021,21195690
Manufacturing and Processing Plants,New Construction,2020,9200161
Manufacturing and Processing Plants,New Construction,2019,19181510
Manufacturing and Processing Plants,New Construction,2018,21405160
Manufacturing and Processing Plants,New Construction,2017,14883229
Manufacturing and Processing Plants,New Construction,2016,11761276
Manufacturing and Processing Plants,New Construction,2015,17963751
Manufacturing and Processing Plants,Major Addition,2024,6325374
Manufacturing and Processing Plants,Major Addition,2023,3522917
Manufacturing and Processing Plants,Major Addition,2022,1917689
Manufacturing and Processing Plants,Major Addition,2021,1996786
Manufacturing and Processing Plants,Major Addition,2020,1232782
Manufacturing and Processing Plants,Major Addition,2019,6935323
Manufacturing and Processing Plants,Major Addition,2018,1024004
Manufacturing and Processing Plants,Major Addition,2017,3093235
Manufacturing and Processing Plants,Major Addition,2016,1574008
Manufacturing and Processing Plants,Major Addition,2015,1811486
Manufacturing and Processing Plants,Add and Alteration,2024,59803
Manufacturing and Processing Plants,Add and Alteration,2023,3403480
Manufacturing and Processing Plants,Add and Alteration,2022,5088258
Manufacturing and Processing Plants,Add and Alteration,2021,1439523
Manufacturing and Processing Plants,Add and Alteration,2020,1008804
Manufacturing and Processing Plants,Add and Alteration,2019,2153288
Manufacturing and Processing Plants,Add and Alteration,2018,2928790
Manufacturing and Processing Plants,Add and Alteration,2017,1798093
Manufacturing and Processing Plants,Add and Alteration,2016,1320075
Manufacturing and Processing Plants,Add and Alteration,2015,1663914
Manufacturing and Processing Plants,Major Alteration,2024,1225536
Manufacturing and Processing Plants,Major Alteration,2023,4301511
Manufacturing and Processing Plants,Major Alteration,2022,3879928
Manufacturing and Processing Plants,Major Alteration,2021,3093488
Manufacturing and Processing Plants,Major Alteration,2020,2178244
Manufacturing and Processing Plants,Major Alteration,2019,2541346
Manufacturing and Processing Plants,Major Alteration,2018,3532939
Manufacturing and Processing Plants,Major Alteration,2017,2710442
Manufacturing and Processing Plants,Major Alteration,2016,2402833
Manufacturing and Processing Plants,Major Alteration,2015,1502745
Warehouses (Manufacturer owned),New Construction,2024,277553
Warehouses (Manufacturer owned),New Construction,2023,1532305
Warehouses (Manufacturer owned),New Construction,2022,1946337
Warehouses (Manufacturer owned),New Construction,2021,2277162
Warehouses (Manufacturer owned),New Construction,2020,1131035
Warehouses (Manufacturer owned),New Construction,2019,1321621
Warehouses (Manufacturer owned),New Construction,2018,1573404
Warehouses (Manufacturer owned),New Construction,2017,1667025
Warehouses (Manufacturer owned),New Construction,2016,1559535
Warehouses (Manufacturer owned),New Construction,2015,1253033
Warehouses (Manufacturer owned),Major Addition,2024,196849
Warehouses (Manufacturer owned),Major Addition,2023,213750
Warehouses (Manufacturer owned),Major Addition,2022,362811
Warehouses (Manufacturer owned),Major Addition,2021,231342
Warehouses (Manufacturer owned),Major Addition,2020,1033169
Warehouses (Manufacturer owned),Major Addition,2019,185611
Warehouses (Manufacturer owned),Major Addition,2018,287903
Warehouses (Manufacturer owned),Major Addition,2017,262745
Warehouses (Manufacturer owned),Major Addition,2016,168042
Warehouses (Manufacturer owned),Major Addition,2015,199181
Warehouses (Manufacturer owned),Add and Alteration,2024,12000
Warehouses (Manufacturer owned),Add and Alteration,2023,30638
Warehouses (Manufacturer owned),Add and Alteration,2022,83196
Warehouses (Manufacturer owned),Add and Alteration,2021,159489
Warehouses (Manufacturer owned),Add and Alteration,2020,128824
Warehouses (Manufacturer owned),Add and Alteration,2019,79367
Warehouses (Manufacturer owned),Add and Alteration,2018,162365
Warehouses (Manufacturer owned),Add and Alteration,2017,139723
Warehouses (Manufacturer owned),Add and Alteration,2016,263356
Warehouses (Manufacturer owned),Add and Alteration,2015,98000
Warehouses (Manufacturer owned),Major Alteration,2024,197396
Warehouses (Manufacturer owned),Major Alteration,2023,52000
Warehouses (Manufacturer owned),Major Alteration,2022,128755
Warehouses (Manufacturer owned),Major Alteration,2021,196977
Warehouses (Manufacturer owned),Major Alteration,2020,182991
Warehouses (Manufacturer owned),Major Alteration,2019,174492
Warehouses (Manufacturer owned),Major Alteration,2018,184807
Warehouses (Manufacturer owned),Major Alteration,2017,241596
Warehouses (Manufacturer owned),Major Alteration,2016,174132
Warehouses (Manufacturer owned),Major Alteration,2015,114936
Laboratories (Manufacturer owned),New Construction,2024,150572
Laboratories (Manufacturer owned),New Construction,2023,1588022
Laboratories (Manufacturer owned),New Construction,2022,2005093
Laboratories (Manufacturer owned),New Construction,2021,1053465
Laboratories (Manufacturer owned),New Construction,2020,547747
Laboratories (Manufacturer owned),New Construction,2019,654259
Laboratories (Manufacturer owned),New Construction,2018,915650
Laboratories (Manufacturer owned),New Construction,2017,953395
Laboratories (Manufacturer owned),New Construction,2016,658150
Laboratories (Manufacturer owned),New Construction,2015,448571
Laboratories (Manufacturer owned),Major Addition,2024,17218
Laboratories (Manufacturer owned),Major Addition,2023,69253
Laboratories (Manufacturer owned),Major Addition,2022,98065
Laboratories (Manufacturer owned),Major Addition,2021,107664
Laboratories (Manufacturer owned),Major Addition,2020,96690
Laboratories (Manufacturer owned),Major Addition,2019,54293
Laboratories (Manufacturer owned),Major Addition,2018,13139
Laboratories (Manufacturer owned),Major Addition,2017,55000
Laboratories (Manufacturer owned),Major Addition,2016,113338
Laboratories (Manufacturer owned),Major Addition,2015,61530
Laboratories (Manufacturer owned),Add and Alteration,2024,86561
Laboratories (Manufacturer owned),Add and Alteration,2023,38975
Laboratories (Manufacturer owned),Add and Alteration,2022,34522
Laboratories (Manufacturer owned),Add and Alteration,2021,74063
Laboratories (Manufacturer owned),Add and Alteration,2020,24060
Laboratories (Manufacturer owned),Add and Alteration,2019,52284
Laboratories (Manufacturer owned),Add and Alteration,2018,112870
Laboratories (Manufacturer owned),Add and Alteration,2017,114474
Laboratories (Manufacturer owned),Add and Alteration,2016,120749
Laboratories (Manufacturer owned),Add and Alteration,2015,649
Laboratories (Manufacturer owned),Major Alteration,2024,231721
Laboratories (Manufacturer owned),Major Alteration,2023,893020
Laboratories (Manufacturer owned),Major Alteration,2022,572548
Laboratories (Manufacturer owned),Major Alteration,2021,499945
Laboratories (Manufacturer owned),Major Alteration,2020,330233
Laboratories (Manufacturer owned),Major Alteration,2019,224455
Laboratories (Manufacturer owned),Major Alteration,2018,143101
Laboratories (Manufacturer owned),Major Alteration,2017,337134
Laboratories (Manufacturer owned),Major Alteration,2016,232004
Laboratories (Manufacturer owned),Major Alteration,2015,146157
Schools and Colleges,New Construction,2024,8778504
Schools and Colleges,New Construction,2023,35322438
Schools and Colleges,New Construction,2022,27209552
Schools and Colleges,New Construction,2021,26849596
Schools and Colleges,New Construction,2020,26836746
Schools and Colleges,New Construction,2019,27974372
Schools and Colleges,New Construction,2018,24699278
Schools and Colleges,New Construction,2017,25108305
Schools and Colleges,New Construction,2016,21554065
Schools and Colleges,New Construction,2015,19704287
Schools and Colleges,Major Addition,2024,418935
Schools and Colleges,Major Addition,2023,2999020
Schools and Colleges,Major Addition,2022,2234152
Schools and Colleges,Major Addition,2021,991467
Schools and Colleges,Major Addition,2020,1437356
Schools and Colleges,Major Addition,2019,1237165
Schools and Colleges,Major Addition,2018,1894251
Schools and Colleges,Major Addition,2017,1573944
Schools and Colleges,Major Addition,2016,1507013
Schools and Colleges,Major Addition,2015,1374930
Schools and Colleges,Add and Alteration,2024,2304957
Schools and Colleges,Add and Alteration,2023,10188144
Schools and Colleges,Add and Alteration,2022,11280690
Schools and Colleges,Add and Alteration,2021,9907004
Schools and Colleges,Add and Alteration,2020,11272582
Schools and Colleges,Add and Alteration,2019,11404951
Schools and Colleges,Add and Alteration,2018,12473171
Schools and Colleges,Add and Alteration,2017,9149324
Schools and Colleges,Add and Alteration,2016,8492540
Schools and Colleges,Add and Alteration,2015,7022577
Schools and Colleges,Major Alteration,2024,3840968
Schools and Colleges,Major Alteration,2023,21184567
Schools and Colleges,Major Alteration,2022,19279160
Schools and Colleges,Major Alteration,2021,16814478
Schools and Colleges,Major Alteration,2020,16526854
Schools and Colleges,Major Alteration,2019,17122063
Schools and Colleges,Major Alteration,2018,16169324
Schools and Colleges,Major Alteration,2017,15114039
Schools and Colleges,Major Alteration,2016,14124512
Schools and Colleges,Major Alteration,2015,12859030
Laboratories (excl. manufacturer owned),New Construction,2024,1419010
Laboratories (excl. manufacturer owned),New Construction,2023,8011596
Laboratories (excl. manufacturer owned),New Construction,2022,8473300
Laboratories (excl. manufacturer owned),New Construction,2021,4144944
Laboratories (excl. manufacturer owned),New Construction,2020,2777078
Laboratories (excl. manufacturer owned),New Construction,2019,2458318
Laboratories (excl. manufacturer owned),New Construction,2018,3141331
Laboratories (excl. manufacturer owned),New Construction,2017,2894440
Laboratories (excl. manufacturer owned),New Construction,2016,2417858
Laboratories (excl. manufacturer owned),New Construction,2015,3270545
Laboratories (excl. manufacturer owned),Major Addition,2024,43552
Laboratories (excl. manufacturer owned),Major Addition,2023,411571
Laboratories (excl. manufacturer owned),Major Addition,2022,42199
Laboratories (excl. manufacturer owned),Major Addition,2021,110397
Laboratories (excl. manufacturer owned),Major Addition,2020,147570
Laboratories (excl. manufacturer owned),Major Addition,2019,12488
Laboratories (excl. manufacturer owned),Major Addition,2018,333778
Laboratories (excl. manufacturer owned),Major Addition,2017,70208
Laboratories (excl. manufacturer owned),Major Addition,2016,22743
Laboratories (excl. manufacturer owned),Major Addition,2015,46318
Laboratories (excl. manufacturer owned),Add and Alteration,2024,44621
Laboratories (excl. manufacturer owned),Add and Alteration,2023,530508
Laboratories (excl. manufacturer owned),Add and Alteration,2022,1404245
Laboratories (excl. manufacturer owned),Add and Alteration,2021,311293
Laboratories (excl. manufacturer owned),Add and Alteration,2020,73048
Laboratories (excl. manufacturer owned),Add and Alteration,2019,388578
Laboratories (excl. manufacturer owned),Add and Alteration,2018,340375
Laboratories (excl. manufacturer owned),Add and Alteration,2017,233911
Laboratories (excl. manufacturer owned),Add and Alteration,2016,116164
Laboratories (excl. manufacturer owned),Add and Alteration,2015,208520
Laboratories (excl. manufacturer owned),Major Alteration,2024,363190
Laboratories (excl. manufacturer owned),Major Alteration,2023,1574490
Laboratories (excl. manufacturer owned),Major Alteration,2022,1278170
Laboratories (excl. manufacturer owned),Major Alteration,2021,1654058
Laboratories (excl. manufacturer owned),Major Alteration,2020,835348
Laboratories (excl. manufacturer owned),Major Alteration,2019,1001564
Laboratories (excl. manufacturer owned),Major Alteration,2018,895464
Laboratories (excl. manufacturer owned),Major Alteration,2017,790265
Laboratories (excl. manufacturer owned),Major Alteration,2016,1083452
Laboratories (excl. manufacturer owned),Major Alteration,2015,889555
Libraries and Museums,New Construction,2024,494641
Libraries and Museums,New Construction,2023,1005110
Libraries and Museums,New Construction,2022,1141605
Libraries and Museums,New Construction,2021,2103965
Libraries and Museums,New Construction,2020,874492
Libraries and Museums,New Construction,2019,806691
Libraries and Museums,New Construction,2018,1407736
Libraries and Museums,New Construction,2017,1201477
Libraries and Museums,New Construction,2016,990887
Libraries and Museums,New Construction,2015,929183
Libraries and Museums,Major Addition,2024,15729
Libraries and Museums,Major Addition,2023,141136
Libraries and Museums,Major Addition,2022,161975
Libraries and Museums,Major Addition,2021,90989
Libraries and Museums,Major Addition,2020,42725
Libraries and Museums,Major Addition,2019,91614
Libraries and Museums,Major Addition,2018,43458
Libraries and Museums,Major Addition,2017,211382
Libraries and Museums,Major Addition,2016,29110
Libraries and Museums,Major Addition,2015,97542
Libraries and Museums,Add and Alteration,2024,135831
Libraries and Museums,Add and Alteration,2023,799095
Libraries and Museums,Add and Alteration,2022,682637
Libraries and Museums,Add and Alteration,2021,597789
Libraries and Museums,Add and Alteration,2020,1207709
Libraries and Museums,Add and Alteration,2019,677771
Libraries and Museums,Add and Alteration,2018,602512
Libraries and Museums,Add and Alteration,2017,893439
Libraries and Museums,Add and Alteration,2016,865365
Libraries and Museums,Add and Alteration,2015,1081426
Libraries and Museums,Major Alteration,2024,341935
Libraries and Museums,Major Alteration,2023,1701414
Libraries and Museums,Major Alteration,2022,1183320
Libraries and Museums,Major Alteration,2021,1086566
Libraries and Museums,Major Alteration,2020,1104255
Libraries and Museums,Major Alteration,2019,1143063
Libraries and Museums,Major Alteration,2018,1722693
Libraries and Museums,Major Alteration,2017,1361922
Libraries and Museums,Major Alteration,2016,1326031
Libraries and Museums,Major Alteration,2015,822012
Hospitals and Other Health Treatment,New Construction,2024,5041044
Hospitals and Other Health Treatment,New Construction,2023,21829941
Hospitals and Other Health Treatment,New Construction,2022,20932799
Hospitals and Other Health Treatment,New Construction,2021,18401912
Hospitals and Other Health Treatment,New Construction,2020,17219477
Hospitals and Other Health Treatment,New Construction,2019,18034136
Hospitals and Other Health Treatment,New Construction,2018,17069066
Hospitals and Other Health Treatment,New Construction,2017,17347238
Hospitals and Other Health Treatment,New Construction,2016,15481214
Hospitals and Other Health Treatment,New Construction,2015,13044493
Hospitals and Other Health Treatment,Major Addition,2024,483004
Hospitals and Other Health Treatment,Major Addition,2023,2363590
Hospitals and Other Health Treatment,Major Addition,2022,1995894
Hospitals and Other Health Treatment,Major Addition,2021,1665676
Hospitals and Other Health Treatment,Major Addition,2020,1409207
Hospitals and Other Health Treatment,Major Addition,2019,1095824
Hospitals and Other Health Treatment,Major Addition,2018,1433096
Hospitals and Other Health Treatment,Major Addition,2017,1772778
Hospitals and Other Health Treatment,Major Addition,2016,1010867
Hospitals and Other Health Treatment,Major Addition,2015,1755566
Hospitals and Other Health Treatment,Add and Alteration,2024,458722
Hospitals and Other Health Treatment,Add and Alteration,2023,5853311
Hospitals and Other Health Treatment,Add and Alteration,2022,5877676
Hospitals and Other Health Treatment,Add and Alteration,2021,3419135
Hospitals and Other Health Treatment,Add and Alteration,2020,4122809
Hospitals and Other Health Treatment,Add and Alteration,2019,3969909
Hospitals and Other Health Treatment,Add and Alteration,2018,3945772
Hospitals and Other Health Treatment,Add and Alteration,2017,4450787
Hospitals and Other Health Treatment,Add and Alteration,2016,4346748
Hospitals and Other Health Treatment,Add and Alteration,2015,3049345
Hospitals and Other Health Treatment,Major Alteration,2024,1992443
Hospitals and Other Health Treatment,Major Alteration,2023,8697848
Hospitals and Other Health Treatment,Major Alteration,2022,8466379
Hospitals and Other Health Treatment,Major Alteration,2021,7030250
Hospitals and Other Health Treatment,Major Alteration,2020,5900387
Hospitals and Other Health Treatment,Major Alteration,2019,5494928
Hospitals and Other Health Treatment,Major Alteration,2018,5240128
Hospitals and Other Health Treatment,Major Alteration,2017,4956775
Hospitals and Other Health Treatment,Major Alteration,2016,5932570
Hospitals and Other Health Treatment,Major Alteration,2015,5622307
Capitols/Court Houses/City Halls,New Construction,2024,336755
Capitols/Court Houses/City Halls,New Construction,2023,1592045
Capitols/Court Houses/City Halls,New Construction,2022,1455371
Capitols/Court Houses/City Halls,New Construction,2021,2317883
Capitols/Court Houses/City Halls,New Construction,2020,1958507
Capitols/Court Houses/City Halls,New Construction,2019,1950550
Capitols/Court Houses/City Halls,New Construction,2018,1032164
Capitols/Court Houses/City Halls,New Construction,2017,1249466
Capitols/Court Houses/City Halls,New Construction,2016,1220480
Capitols/Court Houses/City Halls,New Construction,2015,736624
Capitols/Court Houses/City Halls,Major Addition,2024,77775
Capitols/Court Houses/City Halls,Major Addition,2023,78679
Capitols/Court Houses/City Halls,Major Addition,2022,66195
Capitols/Court Houses/City Halls,Major Addition,2021,8455
Capitols/Court Houses/City Halls,Major Addition,2020,102325
Capitols/Court Houses/City Halls,Major Addition,2019,52781
Capitols/Court Houses/City Halls,Major Addition,2018,47811
Capitols/Court Houses/City Halls,Major Addition,2017,59838
Capitols/Court Houses/City Halls,Major Addition,2016,24450
Capitols/Court Houses/City Halls,Major Addition,2015,33290
Capitols/Court Houses/City Halls,Add and Alteration,2024,78070
Capitols/Court Houses/City Halls,Add and Alteration,2023,568776
Capitols/Court Houses/City Halls,Add and Alteration,2022,325701
Capitols/Court Houses/City Halls,Add and Alteration,2021,462418
Capitols/Court Houses/City Halls,Add and Alteration,2020,206719
Capitols/Court Houses/City Halls,Add and Alteration,2019,305741
Capitols/Court Houses/City Halls,Add and Alteration,2018,451709
Capitols/Court Houses/City Halls,Add and Alteration,2017,191096
Capitols/Court Houses/City Halls,Add and Alteration,2016,377543
Capitols/Court Houses/City Halls,Add and Alteration,2015,258004
Capitols/Court Houses/City Halls,Major Alteration,2024,337792
Capitols/Court Houses/City Halls,Major Alteration,2023,1386093
Capitols/Court Houses/City Halls,Major Alteration,2022,2056097
Capitols/Court Houses/City Halls,Major Alteration,2021,983796
Capitols/Court Houses/City Halls,Major Alteration,2020,1114710
Capitols/Court Houses/City Halls,Major Alteration,2019,910710
Capitols/Court Houses/City Halls,Major Alteration,2018,1003763
Capitols/Court Houses/City Halls,Major Alteration,2017,771050
Capitols/Court Houses/City Halls,Major Alteration,2016,1024458
Capitols/Court Houses/City Halls,Major Alteration,2015,1095542
Other Government Service Buildings,New Construction,2024,1948435
Other Government Service Buildings,New Construction,2023,8449573
Other Government Service Buildings,New Construction,2022,4865876
Other Government Service Buildings,New Construction,2021,3841614
Other Government Service Buildings,New Construction,2020,4282088
Other Government Service Buildings,New Construction,2019,4255200
Other Government Service Buildings,New Construction,2018,4116232
Other Government Service Buildings,New Construction,2017,3930203
Other Government Service Buildings,New Construction,2016,2893408
Other Government Service Buildings,New Construction,2015,2816613
Other Government Service Buildings,Major Addition,2024,85388
Other Government Service Buildings,Major Addition,2023,314950
Other Government Service Buildings,Major Addition,2022,168935
Other Government Service Buildings,Major Addition,2021,79276
Other Government Service Buildings,Major Addition,2020,250102
Other Government Service Buildings,Major Addition,2019,132576
Other Government Service Buildings,Major Addition,2018,238999
Other Government Service Buildings,Major Addition,2017,288570
Other Government Service Buildings,Major Addition,2016,60765
Other Government Service Buildings,Major Addition,2015,182678
Other Government Service Buildings,Add and Alteration,2024,310991
Other Government Service Buildings,Add and Alteration,2023,1115737
Other Government Service Buildings,Add and Alteration,2022,925730
Other Government Service Buildings,Add and Alteration,2021,985712
Other Government Service Buildings,Add and Alteration,2020,996856
Other Government Service Buildings,Add and Alteration,2019,709795
Other Government Service Buildings,Add and Alteration,2018,874827
Other Government Service Buildings,Add and Alteration,2017,802319
Other Government Service Buildings,Add and Alteration,2016,360533
Other Government Service Buildings,Add and Alteration,2015,415753
Other Government Service Buildings,Major Alteration,2024,813715
Other Government Service Buildings,Major Alteration,2023,3712189
Other Government Service Buildings,Major Alteration,2022,3131204
Other Government Service Buildings,Major Alteration,2021,3019901
Other Government Service Buildings,Major Alteration,2020,3623162
Other Government Service Buildings,Major Alteration,2019,2941790
Other Government Service Buildings,Major Alteration,2018,2487978
Other Government Service Buildings,Major Alteration,2017,2410160
Other Government Service Buildings,Major Alteration,2016,3074554
Other Government Service Buildings,Major Alteration,2015,2597646
Houses of Worship,New Construction,2024,113563
Houses of Worship,New Construction,2023,859348
Houses of Worship,New Construction,2022,733118
Houses of Worship,New Construction,2021,569523
Houses of Worship,New Construction,2020,848313
Houses of Worship,New Construction,2019,776716
Houses of Worship,New Construction,2018,685984
Houses of Worship,New Construction,2017,815181
Houses of Worship,New Construction,2016,664920
Houses of Worship,New Construction,2015,1014201
Houses of Worship,Major Addition,2024,37343
Houses of Worship,Major Addition,2023,237711
Houses of Worship,Major Addition,2022,153268
Houses of Worship,Major Addition,2021,146565
Houses of Worship,Major Addition,2020,144313
Houses of Worship,Major Addition,2019,210160
Houses of Worship,Major Addition,2018,194708
Houses of Worship,Major Addition,2017,238403
Houses of Worship,Major Addition,2016,252171
Houses of Worship,Major Addition,2015,204513
Houses of Worship,Add and Alteration,2024,63512
Houses of Worship,Add and Alteration,2023,165839
Houses of Worship,Add and Alteration,2022,129768
Houses of Worship,Add and Alteration,2021,133064
Houses of Worship,Add and Alteration,2020,203315
Houses of Worship,Add and Alteration,2019,331608
Houses of Worship,Add and Alteration,2018,313199
Houses of Worship,Add and Alteration,2017,352951
Houses of Worship,Add and Alteration,2016,179239
Houses of Worship,Add and Alteration,2015,265895
Houses of Worship,Major Alteration,2024,154246
Houses of Worship,Major Alteration,2023,679022
Houses of Worship,Major Alteration,2022,530114
Houses of Worship,Major Alteration,2021,562647
Houses of Worship,Major Alteration,2020,481340
Houses of Worship,Major Alteration,2019,780112
Houses of Worship,Major Alteration,2018,548713
Houses of Worship,Major Alteration,2017,658558
Houses of Worship,Major Alteration,2016,565353
Houses of Worship,Major Alteration,2015,546297
Other Religious Buildings,New Construction,2024,22638
Other Religious Buildings,New Construction,2023,33195
Other Religious Buildings,New Construction,2022,31295
Other Religious Buildings,New Construction,2021,32401
Other Religious Buildings,New Construction,2020,31720
Other Religious Buildings,New Construction,2019,22700
Other Religious Buildings,New Construction,2018,11814
Other Religious Buildings,New Construction,2017,27906
Other Religious Buildings,New Construction,2016,27858
Other Religious Buildings,New Construction,2015,19305
Other Religious Buildings,Major Addition,2024,3726
Other Religious Buildings,Major Addition,2023,5850
Other Religious Buildings,Major Addition,2022,7540
Other Religious Buildings,Major Addition,2021,8557
Other Religious Buildings,Major Addition,2020,1884
Other Religious Buildings,Major Addition,2019,3624
Other Religious Buildings,Major Addition,2018,4148
Other Religious Buildings,Major Addition,2017,9354
Other Religious Buildings,Major Addition,2016,4753
Other Religious Buildings,Major Addition,2015,1893
Other Religious Buildings,Add and Alteration,2023,1877
Other Religious Buildings,Add and Alteration,2022,4045
Other Religious Buildings,Add and Alteration,2021,21872
Other Religious Buildings,Add and Alteration,2020,2161
Other Religious Buildings,Add and Alteration,2019,7719
Other Religious Buildings,Add and Alteration,2018,7893
Other Religious Buildings,Add and Alteration,2017,8474
Other Religious Buildings,Add and Alteration,2016,9153
Other Religious Buildings,Add and Alteration,2015,28225
Other Religious Buildings,Major Alteration,2024,2355
Other Religious Buildings,Major Alteration,2023,83275
Other Religious Buildings,Major Alteration,2022,70981
Other Religious Buildings,Major Alteration,2021,72831
Other Religious Buildings,Major Alteration,2020,91119
Other Religious Buildings,Major Alteration,2019,108602
Other Religious Buildings,Major Alteration,2018,64602
Other Religious Buildings,Major Alteration,2017,60520
Other Religious Buildings,Major Alteration,2016,113223
Other Religious Buildings,Major Alteration,2015,51579
"Amusement, Social and Recreational Bldgs",New Construction,2024,3561218
"Amusement, Social and Recreational Bldgs",New Construction,2023,12239928
"Amusement, Social and Recreational Bldgs",New Construction,2022,10275340
"Amusement, Social and Recreational Bldgs",New Construction,2021,8853232
"Amusement, Social and Recreational Bldgs",New Construction,2020,5764316
"Amusement, Social and Recreational Bldgs",New Construction,2019,9398049
"Amusement, Social and Recreational Bldgs",New Construction,2018,12969727
"Amusement, Social and Recreational Bldgs",New Construction,2017,10320258
"Amusement, Social and Recreational Bldgs",New Construction,2016,12244542
"Amusement, Social and Recreational Bldgs",New Construction,2015,6886978
"Amusement, Social and Recreational Bldgs",Major Addition,2024,248958
"Amusement, Social and Recreational Bldgs",Major Addition,2023,746713
"Amusement, Social and Recreational Bldgs",Major Addition,2022,539240
"Amusement, Social and Recreational Bldgs",Major Addition,2021,372436
"Amusement, Social and Recreational Bldgs",Major Addition,2020,310208
"Amusement, Social and Recreational Bldgs",Major Addition,2019,590258
"Amusement, Social and Recreational Bldgs",Major Addition,2018,1308860
"Amusement, Social and Recreational Bldgs",Major Addition,2017,705832
"Amusement, Social and Recreational Bldgs",Major Addition,2016,673571
"Amusement, Social and Recreational Bldgs",Major Addition,2015,453838
"Amusement, Social and Recreational Bldgs",Add and Alteration,2024,531420
"Amusement, Social and Recreational Bldgs",Add and Alteration,2023,1923824
"Amusement, Social and Recreational Bldgs",Add and Alteration,2022,2108189
"Amusement, Social and Recreational Bldgs",Add and Alteration,2021,2157871
"Amusement, Social and Recreational Bldgs",Add and Alteration,2020,1616472
"Amusement, Social and Recreational Bldgs",Add and Alteration,2019,3249294
"Amusement, Social and Recreational Bldgs",Add and Alteration,2018,2110222
"Amusement, Social and Recreational Bldgs",Add and Alteration,2017,2583855
"Amusement, Social and Recreational Bldgs",Add and Alteration,2016,1726005
"Amusement, Social and Recreational Bldgs",Add and Alteration,2015,2967003
"Amusement, Social and Recreational Bldgs",Major Alteration,2024,1715697
"Amusement, Social and Recreational Bldgs",Major Alteration,2023,7887203
"Amusement, Social and Recreational Bldgs",Major Alteration,2022,6607832
"Amusement, Social and Recreational Bldgs",Major Alteration,2021,5181948
"Amusement, Social and Recreational Bldgs",Major Alteration,2020,3969101
"Amusement, Social and Recreational Bldgs",Major Alteration,2019,5511280
"Amusement, Social and Recreational Bldgs",Major Alteration,2018,4170550
"Amusement, Social and Recreational Bldgs",Major Alteration,2017,4514893
"Amusement, Social and Recreational Bldgs",Major Alteration,2016,3916015
"Amusement, Social and Recreational Bldgs",Major Alteration,2015,3888362
Miscellaneous Nonresidential Buildings,New Construction,2024,1874937
Miscellaneous Nonresidential Buildings,New Construction,2023,9050997
Miscellaneous Nonresidential Buildings,New Construction,2022,15026513
Miscellaneous Nonresidential Buildings,New Construction,2021,9137384
Miscellaneous Nonresidential Buildings,New Construction,2020,3229372
Miscellaneous Nonresidential Buildings,New Construction,2019,5988739
Miscellaneous Nonresidential Buildings,New Construction,2018,5813727
Miscellaneous Nonresidential Buildings,New Construction,2017,13456125
Miscellaneous Nonresidential Buildings,New Construction,2016,3128049
Miscellaneous Nonresidential Buildings,New Construction,2015,3168284
Miscellaneous Nonresidential Buildings,Major Addition,2024,44986
Miscellaneous Nonresidential Buildings,Major Addition,2023,1727460
Miscellaneous Nonresidential Buildings,Major Addition,2022,186534
Miscellaneous Nonresidential Buildings,Major Addition,2021,306178
Miscellaneous Nonresidential Buildings,Major Addition,2020,110643
Miscellaneous Nonresidential Buildings,Major Addition,2019,273123
Miscellaneous Nonresidential Buildings,Major Addition,2018,683757
Miscellaneous Nonresidential Buildings,Major Addition,2017,370824
Miscellaneous Nonresidential Buildings,Major Addition,2016,200123
Miscellaneous Nonresidential Buildings,Major Addition,2015,115878
Miscellaneous Nonresidential Buildings,Add and Alteration,2024,3419689
Miscellaneous Nonresidential Buildings,Add and Alteration,2023,2905963
Miscellaneous Nonresidential Buildings,Add and Alteration,2022,3762317
Miscellaneous Nonresidential Buildings,Add and Alteration,2021,1163895
Miscellaneous Nonresidential Buildings,Add and Alteration,2020,2856630
Miscellaneous Nonresidential Buildings,Add and Alteration,2019,2371761
Miscellaneous Nonresidential Buildings,Add and Alteration,2018,2389018
Miscellaneous Nonresidential Buildings,Add and Alteration,2017,710909
Miscellaneous Nonresidential Buildings,Add and Alteration,2016,1808849
Miscellaneous Nonresidential Buildings,Add and Alteration,2015,429145
Miscellaneous Nonresidential Buildings,Major Alteration,2024,1080818
Miscellaneous Nonresidential Buildings,Major Alteration,2023,5864675
Miscellaneous Nonresidential Buildings,Major Alteration,2022,5546019
Miscellaneous Nonresidential Buildings,Major Alteration,2021,2780908
Miscellaneous Nonresidential Buildings,Major Alteration,2020,3538498
Miscellaneous Nonresidential Buildings,Major Alteration,2019,3691729
Miscellaneous Nonresidential Buildings,Major Alteration,2018,4325240
Miscellaneous Nonresidential Buildings,Major Alteration,2017,7063403
Miscellaneous Nonresidential Buildings,Major Alteration,2016,4372349
Miscellaneous Nonresidential Buildings,Major Alteration,2015,3720743
One-family Houses,New Construction,2024,65305347
One-family Houses,New Construction,2023,230760151
One-family Houses,New Construction,2022,264917866
One-family Houses,New Construction,2021,305865659
One-family Houses,New Construction,2020,258664258
One-family Houses,New Construction,2019,229919454
One-family Houses,New Construction,2018,229920148
One-family Houses,New Construction,2017,218301881
One-family Houses,New Construction,2016,201050328
One-family Houses,New Construction,2015,186001721
One-family Houses,Major Addition,2022,100
One-family Houses,Major Addition,2019,500
One-family Houses,Major Addition,2018,1027
One-family Houses,Major Addition,2017,2290
One-family Houses,Add and Alteration,2019,182
One-family Houses,Add and Alteration,2016,90
One-family Houses,Add and Alteration,2015,3239
One-family Houses,Major Alteration,2024,53311
One-family Houses,Major Alteration,2023,285539
One-family Houses,Major Alteration,2022,244157
One-family Houses,Major Alteration,2021,232008
One-family Houses,Major Alteration,2020,110877
One-family Houses,Major Alteration,2019,235376
One-family Houses,Major Alteration,2018,94717
One-family Houses,Major Alteration,2017,109305
One-family Houses,Major Alteration,2016,101188
One-family Houses,Major Alteration,2015,186303
Two-family Houses,New Construction,2024,1311678
Two-family Houses,New Construction,2023,4078999
Two-family Houses,New Construction,2022,4909494
Two-family Houses,New Construction,2021,4819612
Two-family Houses,New Construction,2020,3744148
Two-family Houses,New Construction,2019,3611733
Two-family Houses,New Construction,2018,3258980
Two-family Houses,New Construction,2017,3124469
Two-family Houses,New Construction,2016,2849680
Two-family Houses,New Construction,2015,2474908
Two-family Houses,Add and Alteration,2016,100
Two-family Houses,Major Alteration,2020,6476
Two-family Houses,Major Alteration,2019,1314
Two-family Houses,Major Alteration,2018,850
Two-family Houses,Major Alteration,2017,420
Two-family Houses,Major Alteration,2016,135
Two-family Houses,Major Alteration,2015,137
Apartments,New Construction,2024,28546004
Apartments,New Construction,2023,123256389
Apartments,New Construction,2022,139949375
Apartments,New Construction,2021,108007237
Apartments,New Construction,2020,82699111
Apartments,New Construction,2019,89369224
Apartments,New Construction,2018,89366459
Apartments,New Construction,2017,77587020
Apartments,New Construction,2016,85095167
Apartments,New Construction,2015,75813216
Apartments,Major Addition,2024,215402
Apartments,Major Addition,2023,734432
Apartments,Major Addition,2022,457798
Apartments,Major Addition,2021,378919
Apartments,Major Addition,2020,183476
Apartments,Major Addition,2019,236869
Apartments,Major Addition,2018,378192
Apartments,Major Addition,2017,510137
Apartments,Major Addition,2016,576524
Apartments,Major Addition,2015,391447
Apartments,Add and Alteration,2024,108024
Apartments,Add and Alteration,2023,653766
Apartments,Add and Alteration,2022,960998
Apartments,Add and Alteration,2021,884650
Apartments,Add and Alteration,2020,439040
Apartments,Add and Alteration,2019,531300
Apartments,Add and Alteration,2018,775995
Apartments,Add and Alteration,2017,811834
Apartments,Add and Alteration,2016,934494
Apartments,Add and Alteration,2015,2248523
Apartments,Major Alteration,2024,2108362
Apartments,Major Alteration,2023,6892764
Apartments,Major Alteration,2022,5891773
Apartments,Major Alteration,2021,5937608
Apartments,Major Alteration,2020,5565753
Apartments,Major Alteration,2019,6755992
Apartments,Major Alteration,2018,6175151
Apartments,Major Alteration,2017,5880146
Apartments,Major Alteration,2016,6836687
Apartments,Major Alteration,2015,6090946
Hotels and Motels,New Construction,2024,1938437
Hotels and Motels,New Construction,2023,7907384
Hotels and Motels,New Construction,2022,9441234
Hotels and Motels,New Construction,2021,5490889
Hotels and Motels,New Construction,2020,5590675
Hotels and Motels,New Construction,2019,13413393
Hotels and Motels,New Construction,2018,14389939
Hotels and Motels,New Construction,2017,12866906
Hotels and Motels,New Construction,2016,12859010
Hotels and Motels,New Construction,2015,10806125
Hotels and Motels,Major Addition,2024,460847
Hotels and Motels,Major Addition,2023,624300
Hotels and Motels,Major Addition,2022,283305
Hotels and Motels,Major Addition,2021,142090
Hotels and Motels,Major Addition,2020,128049
Hotels and Motels,Major Addition,2019,672335
Hotels and Motels,Major Addition,2018,86837
Hotels and Motels,Major Addition,2017,281082
Hotels and Motels,Major Addition,2016,560625
Hotels and Motels,Major Addition,2015,154544
Hotels and Motels,Add and Alteration,2024,34400
Hotels and Motels,Add and Alteration,2023,268117
Hotels and Motels,Add and Alteration,2022,623571
Hotels and Motels,Add and Alteration,2021,370696
Hotels and Motels,Add and Alteration,2020,256708
Hotels and Motels,Add and Alteration,2019,663531
Hotels and Motels,Add and Alteration,2018,275692
Hotels and Motels,Add and Alteration,2017,374131
Hotels and Motels,Add and Alteration,2016,543525
Hotels and Motels,Add and Alteration,2015,252414
Hotels and Motels,Major Alteration,2024,907615
Hotels and Motels,Major Alteration,2023,2515394
Hotels and Motels,Major Alteration,2022,2292771
Hotels and Motels,Major Alteration,2021,1806796
Hotels and Motels,Major Alteration,2020,2006741
Hotels and Motels,Major Alteration,2019,2990525
Hotels and Motels,Major Alteration,2018,3135566
Hotels and Motels,Major Alteration,2017,2630912
Hotels and Motels,Major Alteration,2016,3443420
Hotels and Motels,Major Alteration,2015,2462364
Dormitories,New Construction,2024,2212218
Dormitories,New Construction,2023,4168238
Dormitories,New Construction,2022,3604483
Dormitories,New Construction,2021,3483613
Dormitories,New Construction,2020,2728557
Dormitories,New Construction,2019,5245251
Dormitories,New Construction,2018,4325751
Dormitories,New Construction,2017,5209461
Dormitories,New Construction,2016,3295025
Dormitories,New Construction,2015,5164092
Dormitories,Major Addition,2024,8899
Dormitories,Major Addition,2023,35353
Dormitories,Major Addition,2022,298489
Dormitories,Major Addition,2021,8190
Dormitories,Major Addition,2020,115781
Dormitories,Major Addition,2019,42359
Dormitories,Major Addition,2018,57662
Dormitories,Major Addition,2017,42898
Dormitories,Major Addition,2016,22590
Dormitories,Major Addition,2015,29658
Dormitories,Add and Alteration,2024,11415
Dormitories,Add and Alteration,2023,184673
Dormitories,Add and Alteration,2022,139188
Dormitories,Add and Alteration,2021,75970
Dormitories,Add and Alteration,2020,110680
Dormitories,Add and Alteration,2019,56390
Dormitories,Add and Alteration,2018,90374
Dormitories,Add and Alteration,2017,197857
Dormitories,Add and Alteration,2016,181240
Dormitories,Add and Alteration,2015,187067
Dormitories,Major Alteration,2024,310970
Dormitories,Major Alteration,2023,1060091
Dormitories,Major Alteration,2022,1203259
Dormitories,Major Alteration,2021,896113
Dormitories,Major Alteration,2020,885162
Dormitories,Major Alteration,2019,977189
Dormitories,Major Alteration,2018,1018794
Dormitories,Major Alteration,2017,1229077
Dormitories,Major Alteration,2016,952543
Dormitories,Major Alteration,2015,969233
