Industry,StoryType,Year,Measure
Stores and Restaurants,N/A,2024,2552287
Stores and Restaurants,N/A,2023,10306374
Stores and Restaurants,N/A,2022,10870410
Stores and Restaurants,N/A,2021,7887825
Stores and Restaurants,N/A,2020,6225653
Stores and Restaurants,N/A,2019,8028454
Stores and Restaurants,N/A,2018,7776503
Stores and Restaurants,N/A,2017,8862172
Stores and Restaurants,N/A,2016,9056817
Stores and Restaurants,N/A,2015,7209374
Stores and Restaurants,1 Story,2024,2029219
Stores and Restaurants,1 Story,2023,7720326
Stores and Restaurants,1 Story,2022,7305477
Stores and Restaurants,1 Story,2021,6035498
Stores and Restaurants,1 Story,2020,5567494
Stores and Restaurants,1 Story,2019,6915888
Stores and Restaurants,1 Story,2018,7382618
Stores and Restaurants,1 Story,2017,8854074
Stores and Restaurants,1 Story,2016,9845473
Stores and Restaurants,1 Story,2015,9605662
Stores and Restaurants,2-3 Stories,2024,173211
Stores and Restaurants,2-3 Stories,2023,1059483
Stores and Restaurants,2-3 Stories,2022,1126280
Stores and Restaurants,2-3 Stories,2021,944255
Stores and Restaurants,2-3 Stories,2020,748465
Stores and Restaurants,2-3 Stories,2019,1416743
Stores and Restaurants,2-3 Stories,2018,1805254
Stores and Restaurants,2-3 Stories,2017,1609827
Stores and Restaurants,2-3 Stories,2016,2069285
Stores and Restaurants,2-3 Stories,2015,2189095
Stores and Restaurants,4-6 Stories,2024,19234
Stores and Restaurants,4-6 Stories,2023,407555
Stores and Restaurants,4-6 Stories,2022,161018
Stores and Restaurants,4-6 Stories,2021,142064
Stores and Restaurants,4-6 Stories,2020,48045
Stores and Restaurants,4-6 Stories,2019,231016
Stores and Restaurants,4-6 Stories,2018,147228
Stores and Restaurants,4-6 Stories,2017,905795
Stores and Restaurants,4-6 Stories,2016,127910
Stores and Restaurants,4-6 Stories,2015,674318
Stores and Restaurants,7-10 Stories,2023,38620
Stores and Restaurants,7-10 Stories,2022,7291
Stores and Restaurants,7-10 Stories,2020,9936
Stores and Restaurants,7-10 Stories,2019,6601
Stores and Restaurants,7-10 Stories,2018,1000
Stores and Restaurants,7-10 Stories,2016,2900
Stores and Restaurants,7-10 Stories,2015,600500
Stores and Restaurants,11-20 Stories,2022,9570
Stores and Restaurants,11-20 Stories,2021,300
Stores and Restaurants,11-20 Stories,2020,1610
Stores and Restaurants,11-20 Stories,2019,1200
Stores and Restaurants,11-20 Stories,2018,210
Stores and Restaurants,11-20 Stories,2016,400
Stores and Restaurants,21+ Stories,2015,2730
Warehouses (excl. manufacturer owned),N/A,2024,1022846
Warehouses (excl. manufacturer owned),N/A,2023,3692902
Warehouses (excl. manufacturer owned),N/A,2022,3353232
Warehouses (excl. manufacturer owned),N/A,2021,2641100
Warehouses (excl. manufacturer owned),N/A,2020,2226913
Warehouses (excl. manufacturer owned),N/A,2019,1798178
Warehouses (excl. manufacturer owned),N/A,2018,1504134
Warehouses (excl. manufacturer owned),N/A,2017,1613426
Warehouses (excl. manufacturer owned),N/A,2016,1904261
Warehouses (excl. manufacturer owned),N/A,2015,1503741
Warehouses (excl. manufacturer owned),1 Story,2024,7297431
Warehouses (excl. manufacturer owned),1 Story,2023,35526387
Warehouses (excl. manufacturer owned),1 Story,2022,49160445
Warehouses (excl. manufacturer owned),1 Story,2021,36539029
Warehouses (excl. manufacturer owned),1 Story,2020,23305775
Warehouses (excl. manufacturer owned),1 Story,2019,21070361
Warehouses (excl. manufacturer owned),1 Story,2018,16714641
Warehouses (excl. manufacturer owned),1 Story,2017,16515137
Warehouses (excl. manufacturer owned),1 Story,2016,14648190
Warehouses (excl. manufacturer owned),1 Story,2015,11818212
Warehouses (excl. manufacturer owned),2-3 Stories,2024,1291029
Warehouses (excl. manufacturer owned),2-3 Stories,2023,6057351
Warehouses (excl. manufacturer owned),2-3 Stories,2022,6693237
Warehouses (excl. manufacturer owned),2-3 Stories,2021,5801144
Warehouses (excl. manufacturer owned),2-3 Stories,2020,4692527
Warehouses (excl. manufacturer owned),2-3 Stories,2019,4839429
Warehouses (excl. manufacturer owned),2-3 Stories,2018,3972368
Warehouses (excl. manufacturer owned),2-3 Stories,2017,4793628
Warehouses (excl. manufacturer owned),2-3 Stories,2016,2798076
Warehouses (excl. manufacturer owned),2-3 Stories,2015,1740808
Warehouses (excl. manufacturer owned),4-6 Stories,2024,211953
Warehouses (excl. manufacturer owned),4-6 Stories,2023,1287214
Warehouses (excl. manufacturer owned),4-6 Stories,2022,1750073
Warehouses (excl. manufacturer owned),4-6 Stories,2021,4583106
Warehouses (excl. manufacturer owned),4-6 Stories,2020,5094923
Warehouses (excl. manufacturer owned),4-6 Stories,2019,2450342
Warehouses (excl. manufacturer owned),4-6 Stories,2018,1855247
Warehouses (excl. manufacturer owned),4-6 Stories,2017,664288
Warehouses (excl. manufacturer owned),4-6 Stories,2016,609352
Warehouses (excl. manufacturer owned),4-6 Stories,2015,368372
Warehouses (excl. manufacturer owned),7-10 Stories,2024,13000
Warehouses (excl. manufacturer owned),7-10 Stories,2023,212080
Warehouses (excl. manufacturer owned),7-10 Stories,2022,57372
Warehouses (excl. manufacturer owned),7-10 Stories,2021,41995
Warehouses (excl. manufacturer owned),7-10 Stories,2020,198800
Warehouses (excl. manufacturer owned),7-10 Stories,2019,193070
Warehouses (excl. manufacturer owned),7-10 Stories,2018,130139
Warehouses (excl. manufacturer owned),7-10 Stories,2017,25600
Warehouses (excl. manufacturer owned),7-10 Stories,2016,81944
Warehouses (excl. manufacturer owned),7-10 Stories,2015,24264
Warehouses (excl. manufacturer owned),11-20 Stories,2022,9526
Warehouses (excl. manufacturer owned),11-20 Stories,2021,51000
Warehouses (excl. manufacturer owned),11-20 Stories,2020,53000
Office and Bank Buildings,N/A,2024,6477204
Office and Bank Buildings,N/A,2023,21762035
Office and Bank Buildings,N/A,2022,19262510
Office and Bank Buildings,N/A,2021,15514802
Office and Bank Buildings,N/A,2020,14921845
Office and Bank Buildings,N/A,2019,19098284
Office and Bank Buildings,N/A,2018,14013767
Office and Bank Buildings,N/A,2017,13876244
Office and Bank Buildings,N/A,2016,14554716
Office and Bank Buildings,N/A,2015,10228856
Office and Bank Buildings,1 Story,2024,2516743
Office and Bank Buildings,1 Story,2023,11532341
Office and Bank Buildings,1 Story,2022,11057610
Office and Bank Buildings,1 Story,2021,7698591
Office and Bank Buildings,1 Story,2020,7474742
Office and Bank Buildings,1 Story,2019,6219785
Office and Bank Buildings,1 Story,2018,10969081
Office and Bank Buildings,1 Story,2017,6055998
Office and Bank Buildings,1 Story,2016,5011081
Office and Bank Buildings,1 Story,2015,4017987
Office and Bank Buildings,2-3 Stories,2024,2436729
Office and Bank Buildings,2-3 Stories,2023,12088107
Office and Bank Buildings,2-3 Stories,2022,11785403
Office and Bank Buildings,2-3 Stories,2021,5986302
Office and Bank Buildings,2-3 Stories,2020,6515921
Office and Bank Buildings,2-3 Stories,2019,9649251
Office and Bank Buildings,2-3 Stories,2018,6444653
Office and Bank Buildings,2-3 Stories,2017,6250855
Office and Bank Buildings,2-3 Stories,2016,5582539
Office and Bank Buildings,2-3 Stories,2015,4063583
Office and Bank Buildings,4-6 Stories,2024,351029
Office and Bank Buildings,4-6 Stories,2023,2585207
Office and Bank Buildings,4-6 Stories,2022,4661152
Office and Bank Buildings,4-6 Stories,2021,5555966
Office and Bank Buildings,4-6 Stories,2020,3541678
Office and Bank Buildings,4-6 Stories,2019,6642581
Office and Bank Buildings,4-6 Stories,2018,5334187
Office and Bank Buildings,4-6 Stories,2017,5180863
Office and Bank Buildings,4-6 Stories,2016,5643893
Office and Bank Buildings,4-6 Stories,2015,4332974
Office and Bank Buildings,7-10 Stories,2024,492756
Office and Bank Buildings,7-10 Stories,2023,2209688
Office and Bank Buildings,7-10 Stories,2022,1978229
Office and Bank Buildings,7-10 Stories,2021,2185941
Office and Bank Buildings,7-10 Stories,2020,2197853
Office and Bank Buildings,7-10 Stories,2019,2780154
Office and Bank Buildings,7-10 Stories,2018,1980786
Office and Bank Buildings,7-10 Stories,2017,3289432
Office and Bank Buildings,7-10 Stories,2016,3088159
Office and Bank Buildings,7-10 Stories,2015,1267187
Office and Bank Buildings,11-20 Stories,2024,196230
Office and Bank Buildings,11-20 Stories,2023,1900438
Office and Bank Buildings,11-20 Stories,2022,1743477
Office and Bank Buildings,11-20 Stories,2021,1924857
Office and Bank Buildings,11-20 Stories,2020,6073918
Office and Bank Buildings,11-20 Stories,2019,6588840
Office and Bank Buildings,11-20 Stories,2018,4795130
Office and Bank Buildings,11-20 Stories,2017,2672409
Office and Bank Buildings,11-20 Stories,2016,2296520
Office and Bank Buildings,11-20 Stories,2015,1429680
Office and Bank Buildings,21+ Stories,2023,2140530
Office and Bank Buildings,21+ Stories,2022,3101180
Office and Bank Buildings,21+ Stories,2021,2705532
Office and Bank Buildings,21+ Stories,2020,3368530
Office and Bank Buildings,21+ Stories,2019,3319609
Office and Bank Buildings,21+ Stories,2018,4721548
Office and Bank Buildings,21+ Stories,2017,4314363
Office and Bank Buildings,21+ Stories,2016,3304475
Office and Bank Buildings,21+ Stories,2015,6044288
Parking Garages and Automotive Services,N/A,2024,357515
Parking Garages and Automotive Services,N/A,2023,1219133
Parking Garages and Automotive Services,N/A,2022,1190027
Parking Garages and Automotive Services,N/A,2021,1019902
Parking Garages and Automotive Services,N/A,2020,812703
Parking Garages and Automotive Services,N/A,2019,974698
Parking Garages and Automotive Services,N/A,2018,845477
Parking Garages and Automotive Services,N/A,2017,747362
Parking Garages and Automotive Services,N/A,2016,890061
Parking Garages and Automotive Services,N/A,2015,901237
Parking Garages and Automotive Services,1 Story,2024,1024606
Parking Garages and Automotive Services,1 Story,2023,4634781
Parking Garages and Automotive Services,1 Story,2022,4374364
Parking Garages and Automotive Services,1 Story,2021,3646405
Parking Garages and Automotive Services,1 Story,2020,2770200
Parking Garages and Automotive Services,1 Story,2019,3034314
Parking Garages and Automotive Services,1 Story,2018,3282274
Parking Garages and Automotive Services,1 Story,2017,3063232
Parking Garages and Automotive Services,1 Story,2016,2579600
Parking Garages and Automotive Services,1 Story,2015,2421756
Parking Garages and Automotive Services,2-3 Stories,2024,1025631
Parking Garages and Automotive Services,2-3 Stories,2023,3911783
Parking Garages and Automotive Services,2-3 Stories,2022,4898223
Parking Garages and Automotive Services,2-3 Stories,2021,3869741
Parking Garages and Automotive Services,2-3 Stories,2020,3379117
Parking Garages and Automotive Services,2-3 Stories,2019,4044238
Parking Garages and Automotive Services,2-3 Stories,2018,3901502
Parking Garages and Automotive Services,2-3 Stories,2017,3576103
Parking Garages and Automotive Services,2-3 Stories,2016,4127518
Parking Garages and Automotive Services,2-3 Stories,2015,3397550
Parking Garages and Automotive Services,4-6 Stories,2024,1139779
Parking Garages and Automotive Services,4-6 Stories,2023,5946357
Parking Garages and Automotive Services,4-6 Stories,2022,7138801
Parking Garages and Automotive Services,4-6 Stories,2021,5177424
Parking Garages and Automotive Services,4-6 Stories,2020,4072319
Parking Garages and Automotive Services,4-6 Stories,2019,8733089
Parking Garages and Automotive Services,4-6 Stories,2018,5005191
Parking Garages and Automotive Services,4-6 Stories,2017,4758367
Parking Garages and Automotive Services,4-6 Stories,2016,5513847
Parking Garages and Automotive Services,4-6 Stories,2015,4157564
Parking Garages and Automotive Services,7-10 Stories,2024,525199
Parking Garages and Automotive Services,7-10 Stories,2023,1956395
Parking Garages and Automotive Services,7-10 Stories,2022,2120433
Parking Garages and Automotive Services,7-10 Stories,2021,2199637
Parking Garages and Automotive Services,7-10 Stories,2020,1095314
Parking Garages and Automotive Services,7-10 Stories,2019,3124472
Parking Garages and Automotive Services,7-10 Stories,2018,2026441
Parking Garages and Automotive Services,7-10 Stories,2017,1638378
Parking Garages and Automotive Services,7-10 Stories,2016,2047807
Parking Garages and Automotive Services,7-10 Stories,2015,1627347
Parking Garages and Automotive Services,11-20 Stories,2024,58700
Parking Garages and Automotive Services,11-20 Stories,2023,297493
Parking Garages and Automotive Services,11-20 Stories,2022,492910
Parking Garages and Automotive Services,11-20 Stories,2021,295776
Parking Garages and Automotive Services,11-20 Stories,2020,138569
Parking Garages and Automotive Services,11-20 Stories,2019,482788
Parking Garages and Automotive Services,11-20 Stories,2018,328055
Parking Garages and Automotive Services,11-20 Stories,2017,475327
Parking Garages and Automotive Services,11-20 Stories,2016,92598
Parking Garages and Automotive Services,11-20 Stories,2015,136478
Parking Garages and Automotive Services,21+ Stories,2022,5610
Parking Garages and Automotive Services,21+ Stories,2020,5000
Manufacturing and Processing Plants,N/A,2024,1291752
Manufacturing and Processing Plants,N/A,2023,9131896
Manufacturing and Processing Plants,N/A,2022,25892841
Manufacturing and Processing Plants,N/A,2021,8376942
Manufacturing and Processing Plants,N/A,2020,5724996
Manufacturing and Processing Plants,N/A,2019,17537702
Manufacturing and Processing Plants,N/A,2018,12965083
Manufacturing and Processing Plants,N/A,2017,15839624
Manufacturing and Processing Plants,N/A,2016,9305760
Manufacturing and Processing Plants,N/A,2015,16580878
Manufacturing and Processing Plants,1 Story,2024,6336798
Manufacturing and Processing Plants,1 Story,2023,41947410
Manufacturing and Processing Plants,1 Story,2022,37069334
Manufacturing and Processing Plants,1 Story,2021,9879513
Manufacturing and Processing Plants,1 Story,2020,6345609
Manufacturing and Processing Plants,1 Story,2019,8913609
Manufacturing and Processing Plants,1 Story,2018,7120265
Manufacturing and Processing Plants,1 Story,2017,5194735
Manufacturing and Processing Plants,1 Story,2016,5592449
Manufacturing and Processing Plants,1 Story,2015,4710354
Manufacturing and Processing Plants,2-3 Stories,2024,5655757
Manufacturing and Processing Plants,2-3 Stories,2023,9479120
Manufacturing and Processing Plants,2-3 Stories,2022,5228965
Manufacturing and Processing Plants,2-3 Stories,2021,1719575
Manufacturing and Processing Plants,2-3 Stories,2020,1135757
Manufacturing and Processing Plants,2-3 Stories,2019,2864156
Manufacturing and Processing Plants,2-3 Stories,2018,8728628
Manufacturing and Processing Plants,2-3 Stories,2017,1323380
Manufacturing and Processing Plants,2-3 Stories,2016,1895601
Manufacturing and Processing Plants,2-3 Stories,2015,1599956
Manufacturing and Processing Plants,4-6 Stories,2024,1600000
Manufacturing and Processing Plants,4-6 Stories,2023,10001400
Manufacturing and Processing Plants,4-6 Stories,2022,28188053
Manufacturing and Processing Plants,4-6 Stories,2021,7736457
Manufacturing and Processing Plants,4-6 Stories,2020,413629
Manufacturing and Processing Plants,4-6 Stories,2019,1496000
Manufacturing and Processing Plants,4-6 Stories,2018,37827
Manufacturing and Processing Plants,4-6 Stories,2017,127260
Manufacturing and Processing Plants,4-6 Stories,2016,54382
Manufacturing and Processing Plants,4-6 Stories,2015,50708
Manufacturing and Processing Plants,7-10 Stories,2023,150700
Manufacturing and Processing Plants,7-10 Stories,2022,56365
Manufacturing and Processing Plants,7-10 Stories,2021,13000
Manufacturing and Processing Plants,7-10 Stories,2018,17590
Manufacturing and Processing Plants,7-10 Stories,2016,210000
Manufacturing and Processing Plants,11-20 Stories,2018,21500
Warehouses (Manufacturer owned),N/A,2024,197396
Warehouses (Manufacturer owned),N/A,2023,52000
Warehouses (Manufacturer owned),N/A,2022,128755
Warehouses (Manufacturer owned),N/A,2021,196977
Warehouses (Manufacturer owned),N/A,2020,182991
Warehouses (Manufacturer owned),N/A,2019,174492
Warehouses (Manufacturer owned),N/A,2018,184807
Warehouses (Manufacturer owned),N/A,2017,241596
Warehouses (Manufacturer owned),N/A,2016,174132
Warehouses (Manufacturer owned),N/A,2015,114936
Warehouses (Manufacturer owned),1 Story,2024,250680
Warehouses (Manufacturer owned),1 Story,2023,1592986
Warehouses (Manufacturer owned),1 Story,2022,1930316
Warehouses (Manufacturer owned),1 Story,2021,2512647
Warehouses (Manufacturer owned),1 Story,2020,2162416
Warehouses (Manufacturer owned),1 Story,2019,1374899
Warehouses (Manufacturer owned),1 Story,2018,1645967
Warehouses (Manufacturer owned),1 Story,2017,1770463
Warehouses (Manufacturer owned),1 Story,2016,1572252
Warehouses (Manufacturer owned),1 Story,2015,1351529
Warehouses (Manufacturer owned),2-3 Stories,2024,121500
Warehouses (Manufacturer owned),2-3 Stories,2023,183707
Warehouses (Manufacturer owned),2-3 Stories,2022,378828
Warehouses (Manufacturer owned),2-3 Stories,2021,155346
Warehouses (Manufacturer owned),2-3 Stories,2020,125612
Warehouses (Manufacturer owned),2-3 Stories,2019,186000
Warehouses (Manufacturer owned),2-3 Stories,2018,337705
Warehouses (Manufacturer owned),2-3 Stories,2017,292800
Warehouses (Manufacturer owned),2-3 Stories,2016,418681
Warehouses (Manufacturer owned),2-3 Stories,2015,198685
Warehouses (Manufacturer owned),4-6 Stories,2024,114222
Warehouses (Manufacturer owned),4-6 Stories,2022,83200
Warehouses (Manufacturer owned),4-6 Stories,2020,5000
Warehouses (Manufacturer owned),4-6 Stories,2019,17000
Warehouses (Manufacturer owned),4-6 Stories,2018,40000
Warehouses (Manufacturer owned),4-6 Stories,2017,6230
Warehouses (Manufacturer owned),7-10 Stories,2019,8700
Laboratories (Manufacturer owned),N/A,2024,231721
Laboratories (Manufacturer owned),N/A,2023,893020
Laboratories (Manufacturer owned),N/A,2022,572548
Laboratories (Manufacturer owned),N/A,2021,499945
Laboratories (Manufacturer owned),N/A,2020,330233
Laboratories (Manufacturer owned),N/A,2019,224455
Laboratories (Manufacturer owned),N/A,2018,143101
Laboratories (Manufacturer owned),N/A,2017,337134
Laboratories (Manufacturer owned),N/A,2016,232004
Laboratories (Manufacturer owned),N/A,2015,146157
Laboratories (Manufacturer owned),1 Story,2024,127147
Laboratories (Manufacturer owned),1 Story,2023,944299
Laboratories (Manufacturer owned),1 Story,2022,946341
Laboratories (Manufacturer owned),1 Story,2021,283640
Laboratories (Manufacturer owned),1 Story,2020,92562
Laboratories (Manufacturer owned),1 Story,2019,162828
Laboratories (Manufacturer owned),1 Story,2018,538222
Laboratories (Manufacturer owned),1 Story,2017,385154
Laboratories (Manufacturer owned),1 Story,2016,222530
Laboratories (Manufacturer owned),1 Story,2015,106630
Laboratories (Manufacturer owned),2-3 Stories,2024,123204
Laboratories (Manufacturer owned),2-3 Stories,2023,553931
Laboratories (Manufacturer owned),2-3 Stories,2022,450699
Laboratories (Manufacturer owned),2-3 Stories,2021,941552
Laboratories (Manufacturer owned),2-3 Stories,2020,540435
Laboratories (Manufacturer owned),2-3 Stories,2019,122088
Laboratories (Manufacturer owned),2-3 Stories,2018,356087
Laboratories (Manufacturer owned),2-3 Stories,2017,512715
Laboratories (Manufacturer owned),2-3 Stories,2016,599707
Laboratories (Manufacturer owned),2-3 Stories,2015,221120
Laboratories (Manufacturer owned),4-6 Stories,2024,4000
Laboratories (Manufacturer owned),4-6 Stories,2023,87610
Laboratories (Manufacturer owned),4-6 Stories,2022,698640
Laboratories (Manufacturer owned),4-6 Stories,2021,10000
Laboratories (Manufacturer owned),4-6 Stories,2020,35500
Laboratories (Manufacturer owned),4-6 Stories,2019,325920
Laboratories (Manufacturer owned),4-6 Stories,2018,147350
Laboratories (Manufacturer owned),4-6 Stories,2017,225000
Laboratories (Manufacturer owned),4-6 Stories,2016,70000
Laboratories (Manufacturer owned),4-6 Stories,2015,183000
Laboratories (Manufacturer owned),7-10 Stories,2022,42000
Laboratories (Manufacturer owned),11-20 Stories,2023,110410
Laboratories (Manufacturer owned),21+ Stories,2019,150000
Schools and Colleges,N/A,2024,3840968
Schools and Colleges,N/A,2023,21184567
Schools and Colleges,N/A,2022,19279160
Schools and Colleges,N/A,2021,16814478
Schools and Colleges,N/A,2020,16526854
Schools and Colleges,N/A,2019,17122063
Schools and Colleges,N/A,2018,16432255
Schools and Colleges,N/A,2017,15278377
Schools and Colleges,N/A,2016,14143803
Schools and Colleges,N/A,2015,12859734
Schools and Colleges,1 Story,2024,3835180
Schools and Colleges,1 Story,2023,13388123
Schools and Colleges,1 Story,2022,11502171
Schools and Colleges,1 Story,2021,8911883
Schools and Colleges,1 Story,2020,10479631
Schools and Colleges,1 Story,2019,10363552
Schools and Colleges,1 Story,2018,10213099
Schools and Colleges,1 Story,2017,8266666
Schools and Colleges,1 Story,2016,8003951
Schools and Colleges,1 Story,2015,7185001
Schools and Colleges,2-3 Stories,2024,5568691
Schools and Colleges,2-3 Stories,2023,27251765
Schools and Colleges,2-3 Stories,2022,23283729
Schools and Colleges,2-3 Stories,2021,23618942
Schools and Colleges,2-3 Stories,2020,24183343
Schools and Colleges,2-3 Stories,2019,24896228
Schools and Colleges,2-3 Stories,2018,24302870
Schools and Colleges,2-3 Stories,2017,20518594
Schools and Colleges,2-3 Stories,2016,19395142
Schools and Colleges,2-3 Stories,2015,15429981
Schools and Colleges,4-6 Stories,2024,1363525
Schools and Colleges,4-6 Stories,2023,6407943
Schools and Colleges,4-6 Stories,2022,5482187
Schools and Colleges,4-6 Stories,2021,4741648
Schools and Colleges,4-6 Stories,2020,3973665
Schools and Colleges,4-6 Stories,2019,5044965
Schools and Colleges,4-6 Stories,2018,3699805
Schools and Colleges,4-6 Stories,2017,5481531
Schools and Colleges,4-6 Stories,2016,3794597
Schools and Colleges,4-6 Stories,2015,4788903
Schools and Colleges,7-10 Stories,2024,635000
Schools and Colleges,7-10 Stories,2023,1201771
Schools and Colleges,7-10 Stories,2022,453178
Schools and Colleges,7-10 Stories,2021,136594
Schools and Colleges,7-10 Stories,2020,622045
Schools and Colleges,7-10 Stories,2019,311743
Schools and Colleges,7-10 Stories,2018,424595
Schools and Colleges,7-10 Stories,2017,903344
Schools and Colleges,7-10 Stories,2016,276556
Schools and Colleges,7-10 Stories,2015,315445
Schools and Colleges,11-20 Stories,2024,100000
Schools and Colleges,11-20 Stories,2023,60000
Schools and Colleges,11-20 Stories,2022,3129
Schools and Colleges,11-20 Stories,2021,339000
Schools and Colleges,11-20 Stories,2020,288000
Schools and Colleges,11-20 Stories,2018,163400
Schools and Colleges,11-20 Stories,2017,497100
Schools and Colleges,11-20 Stories,2016,64081
Schools and Colleges,11-20 Stories,2015,369760
Schools and Colleges,21+ Stories,2023,200000
Schools and Colleges,21+ Stories,2015,12000
Laboratories (excl. manufacturer owned),N/A,2024,363190
Laboratories (excl. manufacturer owned),N/A,2023,1574490
Laboratories (excl. manufacturer owned),N/A,2022,1278170
Laboratories (excl. manufacturer owned),N/A,2021,1654058
Laboratories (excl. manufacturer owned),N/A,2020,835348
Laboratories (excl. manufacturer owned),N/A,2019,1001564
Laboratories (excl. manufacturer owned),N/A,2018,908044
Laboratories (excl. manufacturer owned),N/A,2017,801188
Laboratories (excl. manufacturer owned),N/A,2016,1085045
Laboratories (excl. manufacturer owned),N/A,2015,889555
Laboratories (excl. manufacturer owned),1 Story,2024,284412
Laboratories (excl. manufacturer owned),1 Story,2023,959189
Laboratories (excl. manufacturer owned),1 Story,2022,435509
Laboratories (excl. manufacturer owned),1 Story,2021,607474
Laboratories (excl. manufacturer owned),1 Story,2020,242924
Laboratories (excl. manufacturer owned),1 Story,2019,452940
Laboratories (excl. manufacturer owned),1 Story,2018,424753
Laboratories (excl. manufacturer owned),1 Story,2017,317505
Laboratories (excl. manufacturer owned),1 Story,2016,231751
Laboratories (excl. manufacturer owned),1 Story,2015,310237
Laboratories (excl. manufacturer owned),2-3 Stories,2024,423344
Laboratories (excl. manufacturer owned),2-3 Stories,2023,1889848
Laboratories (excl. manufacturer owned),2-3 Stories,2022,2155193
Laboratories (excl. manufacturer owned),2-3 Stories,2021,1228471
Laboratories (excl. manufacturer owned),2-3 Stories,2020,845246
Laboratories (excl. manufacturer owned),2-3 Stories,2019,970626
Laboratories (excl. manufacturer owned),2-3 Stories,2018,1081741
Laboratories (excl. manufacturer owned),2-3 Stories,2017,595573
Laboratories (excl. manufacturer owned),2-3 Stories,2016,954966
Laboratories (excl. manufacturer owned),2-3 Stories,2015,1497840
Laboratories (excl. manufacturer owned),4-6 Stories,2024,734267
Laboratories (excl. manufacturer owned),4-6 Stories,2023,3210969
Laboratories (excl. manufacturer owned),4-6 Stories,2022,2579076
Laboratories (excl. manufacturer owned),4-6 Stories,2021,1271909
Laboratories (excl. manufacturer owned),4-6 Stories,2020,534576
Laboratories (excl. manufacturer owned),4-6 Stories,2019,1053728
Laboratories (excl. manufacturer owned),4-6 Stories,2018,1556080
Laboratories (excl. manufacturer owned),4-6 Stories,2017,1695588
Laboratories (excl. manufacturer owned),4-6 Stories,2016,1134509
Laboratories (excl. manufacturer owned),4-6 Stories,2015,1157607
Laboratories (excl. manufacturer owned),7-10 Stories,2024,65160
Laboratories (excl. manufacturer owned),7-10 Stories,2023,1423511
Laboratories (excl. manufacturer owned),7-10 Stories,2022,3564127
Laboratories (excl. manufacturer owned),7-10 Stories,2021,864880
Laboratories (excl. manufacturer owned),7-10 Stories,2020,687950
Laboratories (excl. manufacturer owned),7-10 Stories,2019,322090
Laboratories (excl. manufacturer owned),7-10 Stories,2018,740330
Laboratories (excl. manufacturer owned),7-10 Stories,2017,223000
Laboratories (excl. manufacturer owned),7-10 Stories,2016,233946
Laboratories (excl. manufacturer owned),7-10 Stories,2015,244524
Laboratories (excl. manufacturer owned),11-20 Stories,2023,1470158
Laboratories (excl. manufacturer owned),11-20 Stories,2022,1185839
Laboratories (excl. manufacturer owned),11-20 Stories,2021,593900
Laboratories (excl. manufacturer owned),11-20 Stories,2020,687000
Laboratories (excl. manufacturer owned),11-20 Stories,2019,60000
Laboratories (excl. manufacturer owned),11-20 Stories,2017,355970
Laboratories (excl. manufacturer owned),11-20 Stories,2015,315175
Libraries and Museums,N/A,2024,341935
Libraries and Museums,N/A,2023,1701414
Libraries and Museums,N/A,2022,1183320
Libraries and Museums,N/A,2021,1086566
Libraries and Museums,N/A,2020,1104255
Libraries and Museums,N/A,2019,1143063
Libraries and Museums,N/A,2018,1745196
Libraries and Museums,N/A,2017,1381751
Libraries and Museums,N/A,2016,1327517
Libraries and Museums,N/A,2015,822012
Libraries and Museums,1 Story,2024,124057
Libraries and Museums,1 Story,2023,738638
Libraries and Museums,1 Story,2022,743164
Libraries and Museums,1 Story,2021,720115
Libraries and Museums,1 Story,2020,772734
Libraries and Museums,1 Story,2019,649154
Libraries and Museums,1 Story,2018,547988
Libraries and Museums,1 Story,2017,844350
Libraries and Museums,1 Story,2016,510449
Libraries and Museums,1 Story,2015,424997
Libraries and Museums,2-3 Stories,2024,429644
Libraries and Museums,2-3 Stories,2023,841740
Libraries and Museums,2-3 Stories,2022,969944
Libraries and Museums,2-3 Stories,2021,1511268
Libraries and Museums,2-3 Stories,2020,692363
Libraries and Museums,2-3 Stories,2019,734971
Libraries and Museums,2-3 Stories,2018,1336441
Libraries and Museums,2-3 Stories,2017,1013091
Libraries and Museums,2-3 Stories,2016,764377
Libraries and Museums,2-3 Stories,2015,774298
Libraries and Museums,4-6 Stories,2024,92500
Libraries and Museums,4-6 Stories,2023,364963
Libraries and Museums,4-6 Stories,2022,235216
Libraries and Museums,4-6 Stories,2021,231360
Libraries and Museums,4-6 Stories,2020,652129
Libraries and Museums,4-6 Stories,2019,191951
Libraries and Museums,4-6 Stories,2018,146774
Libraries and Museums,4-6 Stories,2017,410028
Libraries and Museums,4-6 Stories,2016,196400
Libraries and Museums,4-6 Stories,2015,518856
Libraries and Museums,7-10 Stories,2022,37893
Libraries and Museums,7-10 Stories,2021,180000
Libraries and Museums,7-10 Stories,2020,7700
Libraries and Museums,7-10 Stories,2017,19000
Libraries and Museums,7-10 Stories,2016,400000
Libraries and Museums,7-10 Stories,2015,390000
Libraries and Museums,11-20 Stories,2021,150000
Libraries and Museums,11-20 Stories,2016,12650
Hospitals and Other Health Treatment,N/A,2024,1992443
Hospitals and Other Health Treatment,N/A,2023,8697848
Hospitals and Other Health Treatment,N/A,2022,8466379
Hospitals and Other Health Treatment,N/A,2021,7030250
Hospitals and Other Health Treatment,N/A,2020,5900387
Hospitals and Other Health Treatment,N/A,2019,5494928
Hospitals and Other Health Treatment,N/A,2018,5269680
Hospitals and Other Health Treatment,N/A,2017,4993339
Hospitals and Other Health Treatment,N/A,2016,5938335
Hospitals and Other Health Treatment,N/A,2015,5628184
Hospitals and Other Health Treatment,1 Story,2024,1044484
Hospitals and Other Health Treatment,1 Story,2023,4004793
Hospitals and Other Health Treatment,1 Story,2022,3471143
Hospitals and Other Health Treatment,1 Story,2021,3103529
Hospitals and Other Health Treatment,1 Story,2020,3145460
Hospitals and Other Health Treatment,1 Story,2019,3263099
Hospitals and Other Health Treatment,1 Story,2018,3781296
Hospitals and Other Health Treatment,1 Story,2017,3491951
Hospitals and Other Health Treatment,1 Story,2016,3237737
Hospitals and Other Health Treatment,1 Story,2015,3117339
Hospitals and Other Health Treatment,2-3 Stories,2024,1574274
Hospitals and Other Health Treatment,2-3 Stories,2023,9082666
Hospitals and Other Health Treatment,2-3 Stories,2022,7193927
Hospitals and Other Health Treatment,2-3 Stories,2021,6626710
Hospitals and Other Health Treatment,2-3 Stories,2020,6671888
Hospitals and Other Health Treatment,2-3 Stories,2019,7174759
Hospitals and Other Health Treatment,2-3 Stories,2018,8060016
Hospitals and Other Health Treatment,2-3 Stories,2017,8646323
Hospitals and Other Health Treatment,2-3 Stories,2016,6640738
Hospitals and Other Health Treatment,2-3 Stories,2015,7026529
Hospitals and Other Health Treatment,4-6 Stories,2024,2001512
Hospitals and Other Health Treatment,4-6 Stories,2023,7841100
Hospitals and Other Health Treatment,4-6 Stories,2022,8594478
Hospitals and Other Health Treatment,4-6 Stories,2021,8065311
Hospitals and Other Health Treatment,4-6 Stories,2020,6210918
Hospitals and Other Health Treatment,4-6 Stories,2019,6733386
Hospitals and Other Health Treatment,4-6 Stories,2018,7396550
Hospitals and Other Health Treatment,4-6 Stories,2017,6047294
Hospitals and Other Health Treatment,4-6 Stories,2016,4765981
Hospitals and Other Health Treatment,4-6 Stories,2015,4153619
Hospitals and Other Health Treatment,7-10 Stories,2024,1362500
Hospitals and Other Health Treatment,7-10 Stories,2023,4328898
Hospitals and Other Health Treatment,7-10 Stories,2022,3722271
Hospitals and Other Health Treatment,7-10 Stories,2021,2904347
Hospitals and Other Health Treatment,7-10 Stories,2020,4679347
Hospitals and Other Health Treatment,7-10 Stories,2019,4274556
Hospitals and Other Health Treatment,7-10 Stories,2018,2330328
Hospitals and Other Health Treatment,7-10 Stories,2017,2795554
Hospitals and Other Health Treatment,7-10 Stories,2016,3927893
Hospitals and Other Health Treatment,7-10 Stories,2015,1096127
Hospitals and Other Health Treatment,11-20 Stories,2023,2889385
Hospitals and Other Health Treatment,11-20 Stories,2022,4701120
Hospitals and Other Health Treatment,11-20 Stories,2021,1586826
Hospitals and Other Health Treatment,11-20 Stories,2020,2043880
Hospitals and Other Health Treatment,11-20 Stories,2019,1654069
Hospitals and Other Health Treatment,11-20 Stories,2018,849535
Hospitals and Other Health Treatment,11-20 Stories,2017,2520617
Hospitals and Other Health Treatment,11-20 Stories,2016,2260715
Hospitals and Other Health Treatment,11-20 Stories,2015,1699913
Hospitals and Other Health Treatment,21+ Stories,2023,1900000
Hospitals and Other Health Treatment,21+ Stories,2022,1123430
Hospitals and Other Health Treatment,21+ Stories,2021,1200000
Hospitals and Other Health Treatment,21+ Stories,2018,657
Hospitals and Other Health Treatment,21+ Stories,2017,32500
Hospitals and Other Health Treatment,21+ Stories,2015,750000
Capitols/Court Houses/City Halls,N/A,2024,337792
Capitols/Court Houses/City Halls,N/A,2023,1386093
Capitols/Court Houses/City Halls,N/A,2022,2056097
Capitols/Court Houses/City Halls,N/A,2021,983796
Capitols/Court Houses/City Halls,N/A,2020,1114710
Capitols/Court Houses/City Halls,N/A,2019,910710
Capitols/Court Houses/City Halls,N/A,2018,1027283
Capitols/Court Houses/City Halls,N/A,2017,783906
Capitols/Court Houses/City Halls,N/A,2016,1025348
Capitols/Court Houses/City Halls,N/A,2015,1095542
Capitols/Court Houses/City Halls,1 Story,2024,180202
Capitols/Court Houses/City Halls,1 Story,2023,305927
Capitols/Court Houses/City Halls,1 Story,2022,327595
Capitols/Court Houses/City Halls,1 Story,2021,286732
Capitols/Court Houses/City Halls,1 Story,2020,184558
Capitols/Court Houses/City Halls,1 Story,2019,253690
Capitols/Court Houses/City Halls,1 Story,2018,422113
Capitols/Court Houses/City Halls,1 Story,2017,238269
Capitols/Court Houses/City Halls,1 Story,2016,208141
Capitols/Court Houses/City Halls,1 Story,2015,177879
Capitols/Court Houses/City Halls,2-3 Stories,2024,82734
Capitols/Court Houses/City Halls,2-3 Stories,2023,1112771
Capitols/Court Houses/City Halls,2-3 Stories,2022,1183188
Capitols/Court Houses/City Halls,2-3 Stories,2021,801324
Capitols/Court Houses/City Halls,2-3 Stories,2020,774487
Capitols/Court Houses/City Halls,2-3 Stories,2019,1094713
Capitols/Court Houses/City Halls,2-3 Stories,2018,233514
Capitols/Court Houses/City Halls,2-3 Stories,2017,506197
Capitols/Court Houses/City Halls,2-3 Stories,2016,698717
Capitols/Court Houses/City Halls,2-3 Stories,2015,479842
Capitols/Court Houses/City Halls,4-6 Stories,2024,229664
Capitols/Court Houses/City Halls,4-6 Stories,2023,285570
Capitols/Court Houses/City Halls,4-6 Stories,2022,281684
Capitols/Court Houses/City Halls,4-6 Stories,2021,1360200
Capitols/Court Houses/City Halls,4-6 Stories,2020,483399
Capitols/Court Houses/City Halls,4-6 Stories,2019,378182
Capitols/Court Houses/City Halls,4-6 Stories,2018,473087
Capitols/Court Houses/City Halls,4-6 Stories,2017,337578
Capitols/Court Houses/City Halls,4-6 Stories,2016,235610
Capitols/Court Houses/City Halls,4-6 Stories,2015,275697
Capitols/Court Houses/City Halls,7-10 Stories,2023,535232
Capitols/Court Houses/City Halls,7-10 Stories,2022,54800
Capitols/Court Houses/City Halls,7-10 Stories,2021,340500
Capitols/Court Houses/City Halls,7-10 Stories,2020,59250
Capitols/Court Houses/City Halls,7-10 Stories,2019,104570
Capitols/Court Houses/City Halls,7-10 Stories,2018,379450
Capitols/Court Houses/City Halls,7-10 Stories,2017,195500
Capitols/Court Houses/City Halls,7-10 Stories,2016,211900
Capitols/Court Houses/City Halls,7-10 Stories,2015,94500
Capitols/Court Houses/City Halls,11-20 Stories,2020,501057
Capitols/Court Houses/City Halls,11-20 Stories,2019,477917
Capitols/Court Houses/City Halls,11-20 Stories,2017,210000
Capitols/Court Houses/City Halls,11-20 Stories,2016,267215
Capitols/Court Houses/City Halls,21+ Stories,2020,264800
Other Government Service Buildings,N/A,2024,813715
Other Government Service Buildings,N/A,2023,3712189
Other Government Service Buildings,N/A,2022,3131204
Other Government Service Buildings,N/A,2021,3019901
Other Government Service Buildings,N/A,2020,3623162
Other Government Service Buildings,N/A,2019,2941790
Other Government Service Buildings,N/A,2018,2536697
Other Government Service Buildings,N/A,2017,2450363
Other Government Service Buildings,N/A,2016,3088204
Other Government Service Buildings,N/A,2015,2597946
Other Government Service Buildings,1 Story,2024,1014111
Other Government Service Buildings,1 Story,2023,4671829
Other Government Service Buildings,1 Story,2022,2589802
Other Government Service Buildings,1 Story,2021,1797857
Other Government Service Buildings,1 Story,2020,2195697
Other Government Service Buildings,1 Story,2019,2502245
Other Government Service Buildings,1 Story,2018,2268740
Other Government Service Buildings,1 Story,2017,2352985
Other Government Service Buildings,1 Story,2016,1612193
Other Government Service Buildings,1 Story,2015,1364124
Other Government Service Buildings,2-3 Stories,2024,1158014
Other Government Service Buildings,2-3 Stories,2023,4701569
Other Government Service Buildings,2-3 Stories,2022,3135944
Other Government Service Buildings,2-3 Stories,2021,2770833
Other Government Service Buildings,2-3 Stories,2020,2505300
Other Government Service Buildings,2-3 Stories,2019,1995481
Other Government Service Buildings,2-3 Stories,2018,2727218
Other Government Service Buildings,2-3 Stories,2017,2498404
Other Government Service Buildings,2-3 Stories,2016,1635401
Other Government Service Buildings,2-3 Stories,2015,1524045
Other Government Service Buildings,4-6 Stories,2024,172689
Other Government Service Buildings,4-6 Stories,2023,506862
Other Government Service Buildings,4-6 Stories,2022,208375
Other Government Service Buildings,4-6 Stories,2021,278952
Other Government Service Buildings,4-6 Stories,2020,724049
Other Government Service Buildings,4-6 Stories,2019,279845
Other Government Service Buildings,4-6 Stories,2018,185381
Other Government Service Buildings,4-6 Stories,2017,129500
Other Government Service Buildings,4-6 Stories,2016,53462
Other Government Service Buildings,4-6 Stories,2015,525961
Other Government Service Buildings,7-10 Stories,2021,24660
Other Government Service Buildings,7-10 Stories,2020,104000
Other Government Service Buildings,7-10 Stories,2019,320000
Other Government Service Buildings,7-10 Stories,2015,614
Other Government Service Buildings,11-20 Stories,2022,26420
Other Government Service Buildings,11-20 Stories,2021,34300
Houses of Worship,N/A,2024,154246
Houses of Worship,N/A,2023,679022
Houses of Worship,N/A,2022,530114
Houses of Worship,N/A,2021,562647
Houses of Worship,N/A,2020,481340
Houses of Worship,N/A,2019,780112
Houses of Worship,N/A,2018,550663
Houses of Worship,N/A,2017,659658
Houses of Worship,N/A,2016,567103
Houses of Worship,N/A,2015,546297
Houses of Worship,1 Story,2024,165878
Houses of Worship,1 Story,2023,763628
Houses of Worship,1 Story,2022,551293
Houses of Worship,1 Story,2021,458045
Houses of Worship,1 Story,2020,592308
Houses of Worship,1 Story,2019,754978
Houses of Worship,1 Story,2018,794524
Houses of Worship,1 Story,2017,898488
Houses of Worship,1 Story,2016,698853
Houses of Worship,1 Story,2015,882289
Houses of Worship,2-3 Stories,2024,48540
Houses of Worship,2-3 Stories,2023,436099
Houses of Worship,2-3 Stories,2022,398161
Houses of Worship,2-3 Stories,2021,351051
Houses of Worship,2-3 Stories,2020,558301
Houses of Worship,2-3 Stories,2019,520467
Houses of Worship,2-3 Stories,2018,390995
Houses of Worship,2-3 Stories,2017,476074
Houses of Worship,2-3 Stories,2016,376039
Houses of Worship,2-3 Stories,2015,575602
Houses of Worship,4-6 Stories,2023,45553
Houses of Worship,4-6 Stories,2022,64200
Houses of Worship,4-6 Stories,2021,36038
Houses of Worship,4-6 Stories,2020,45332
Houses of Worship,4-6 Stories,2019,43039
Houses of Worship,4-6 Stories,2018,4953
Houses of Worship,4-6 Stories,2017,22632
Houses of Worship,4-6 Stories,2016,19688
Houses of Worship,4-6 Stories,2015,14975
Houses of Worship,7-10 Stories,2022,1000
Houses of Worship,7-10 Stories,2021,4018
Houses of Worship,7-10 Stories,2018,1469
Houses of Worship,7-10 Stories,2017,8241
Houses of Worship,7-10 Stories,2015,11743
Houses of Worship,11-20 Stories,2023,17618
Houses of Worship,21+ Stories,2022,1500
Other Religious Buildings,N/A,2024,2355
Other Religious Buildings,N/A,2023,83275
Other Religious Buildings,N/A,2022,70981
Other Religious Buildings,N/A,2021,72831
Other Religious Buildings,N/A,2020,91119
Other Religious Buildings,N/A,2019,108602
Other Religious Buildings,N/A,2018,65402
Other Religious Buildings,N/A,2017,61668
Other Religious Buildings,N/A,2016,113286
Other Religious Buildings,N/A,2015,51579
Other Religious Buildings,1 Story,2024,25442
Other Religious Buildings,1 Story,2023,40922
Other Religious Buildings,1 Story,2022,40980
Other Religious Buildings,1 Story,2021,60119
Other Religious Buildings,1 Story,2020,33499
Other Religious Buildings,1 Story,2019,32043
Other Religious Buildings,1 Story,2018,23055
Other Religious Buildings,1 Story,2017,34228
Other Religious Buildings,1 Story,2016,30501
Other Religious Buildings,1 Story,2015,21823
Other Religious Buildings,2-3 Stories,2024,922
Other Religious Buildings,2-3 Stories,2022,1900
Other Religious Buildings,2-3 Stories,2021,2711
Other Religious Buildings,2-3 Stories,2020,2266
Other Religious Buildings,2-3 Stories,2019,2000
Other Religious Buildings,2-3 Stories,2017,4358
Other Religious Buildings,2-3 Stories,2016,11200
Other Religious Buildings,2-3 Stories,2015,27600
Other Religious Buildings,4-6 Stories,2017,6000
"Amusement, Social and Recreational Bldgs",N/A,2024,1715697
"Amusement, Social and Recreational Bldgs",N/A,2023,7889203
"Amusement, Social and Recreational Bldgs",N/A,2022,6607832
"Amusement, Social and Recreational Bldgs",N/A,2021,5186948
"Amusement, Social and Recreational Bldgs",N/A,2020,3969101
"Amusement, Social and Recreational Bldgs",N/A,2019,5511280
"Amusement, Social and Recreational Bldgs",N/A,2018,4259008
"Amusement, Social and Recreational Bldgs",N/A,2017,4822663
"Amusement, Social and Recreational Bldgs",N/A,2016,3934917
"Amusement, Social and Recreational Bldgs",N/A,2015,3890565
"Amusement, Social and Recreational Bldgs",1 Story,2024,1952529
"Amusement, Social and Recreational Bldgs",1 Story,2023,6623882
"Amusement, Social and Recreational Bldgs",1 Story,2022,6538281
"Amusement, Social and Recreational Bldgs",1 Story,2021,4564558
"Amusement, Social and Recreational Bldgs",1 Story,2020,3310304
"Amusement, Social and Recreational Bldgs",1 Story,2019,5723927
"Amusement, Social and Recreational Bldgs",1 Story,2018,5806791
"Amusement, Social and Recreational Bldgs",1 Story,2017,4528917
"Amusement, Social and Recreational Bldgs",1 Story,2016,4075799
"Amusement, Social and Recreational Bldgs",1 Story,2015,3952684
"Amusement, Social and Recreational Bldgs",2-3 Stories,2024,1875421
"Amusement, Social and Recreational Bldgs",2-3 Stories,2023,6943749
"Amusement, Social and Recreational Bldgs",2-3 Stories,2022,5059423
"Amusement, Social and Recreational Bldgs",2-3 Stories,2021,6353928
"Amusement, Social and Recreational Bldgs",2-3 Stories,2020,3972953
"Amusement, Social and Recreational Bldgs",2-3 Stories,2019,6117674
"Amusement, Social and Recreational Bldgs",2-3 Stories,2018,6614817
"Amusement, Social and Recreational Bldgs",2-3 Stories,2017,5041851
"Amusement, Social and Recreational Bldgs",2-3 Stories,2016,9056914
"Amusement, Social and Recreational Bldgs",2-3 Stories,2015,4316869
"Amusement, Social and Recreational Bldgs",4-6 Stories,2024,309473
"Amusement, Social and Recreational Bldgs",4-6 Stories,2023,1304706
"Amusement, Social and Recreational Bldgs",4-6 Stories,2022,1138267
"Amusement, Social and Recreational Bldgs",4-6 Stories,2021,460053
"Amusement, Social and Recreational Bldgs",4-6 Stories,2020,407239
"Amusement, Social and Recreational Bldgs",4-6 Stories,2019,682000
"Amusement, Social and Recreational Bldgs",4-6 Stories,2018,1775595
"Amusement, Social and Recreational Bldgs",4-6 Stories,2017,3715407
"Amusement, Social and Recreational Bldgs",4-6 Stories,2016,1213957
"Amusement, Social and Recreational Bldgs",4-6 Stories,2015,1445513
"Amusement, Social and Recreational Bldgs",7-10 Stories,2023,21515
"Amusement, Social and Recreational Bldgs",7-10 Stories,2022,161303
"Amusement, Social and Recreational Bldgs",7-10 Stories,2019,714000
"Amusement, Social and Recreational Bldgs",7-10 Stories,2018,1338728
"Amusement, Social and Recreational Bldgs",7-10 Stories,2017,16000
"Amusement, Social and Recreational Bldgs",7-10 Stories,2016,8216
"Amusement, Social and Recreational Bldgs",7-10 Stories,2015,590550
"Amusement, Social and Recreational Bldgs",11-20 Stories,2024,200000
"Amusement, Social and Recreational Bldgs",11-20 Stories,2023,14613
"Amusement, Social and Recreational Bldgs",11-20 Stories,2022,21495
"Amusement, Social and Recreational Bldgs",11-20 Stories,2020,500
"Amusement, Social and Recreational Bldgs",11-20 Stories,2018,764420
"Amusement, Social and Recreational Bldgs",11-20 Stories,2016,270330
"Amusement, Social and Recreational Bldgs",21+ Stories,2024,4173
"Amusement, Social and Recreational Bldgs",21+ Stories,2022,4000
Miscellaneous Nonresidential Buildings,N/A,2024,1154496
Miscellaneous Nonresidential Buildings,N/A,2023,6060525
Miscellaneous Nonresidential Buildings,N/A,2022,5612078
Miscellaneous Nonresidential Buildings,N/A,2021,2780908
Miscellaneous Nonresidential Buildings,N/A,2020,3553498
Miscellaneous Nonresidential Buildings,N/A,2019,3691729
Miscellaneous Nonresidential Buildings,N/A,2018,4469170
Miscellaneous Nonresidential Buildings,N/A,2017,7118242
Miscellaneous Nonresidential Buildings,N/A,2016,4375110
Miscellaneous Nonresidential Buildings,N/A,2015,3721241
Miscellaneous Nonresidential Buildings,1 Story,2024,819336
Miscellaneous Nonresidential Buildings,1 Story,2023,4369980
Miscellaneous Nonresidential Buildings,1 Story,2022,5623730
Miscellaneous Nonresidential Buildings,1 Story,2021,4206770
Miscellaneous Nonresidential Buildings,1 Story,2020,3190527
Miscellaneous Nonresidential Buildings,1 Story,2019,3401851
Miscellaneous Nonresidential Buildings,1 Story,2018,4734968
Miscellaneous Nonresidential Buildings,1 Story,2017,2706298
Miscellaneous Nonresidential Buildings,1 Story,2016,2965079
Miscellaneous Nonresidential Buildings,1 Story,2015,2225054
Miscellaneous Nonresidential Buildings,2-3 Stories,2024,4432598
Miscellaneous Nonresidential Buildings,2-3 Stories,2023,9060013
Miscellaneous Nonresidential Buildings,2-3 Stories,2022,2954226
Miscellaneous Nonresidential Buildings,2-3 Stories,2021,6092981
Miscellaneous Nonresidential Buildings,2-3 Stories,2020,2716516
Miscellaneous Nonresidential Buildings,2-3 Stories,2019,3719492
Miscellaneous Nonresidential Buildings,2-3 Stories,2018,3626451
Miscellaneous Nonresidential Buildings,2-3 Stories,2017,6206094
Miscellaneous Nonresidential Buildings,2-3 Stories,2016,1910781
Miscellaneous Nonresidential Buildings,2-3 Stories,2015,981349
Miscellaneous Nonresidential Buildings,4-6 Stories,2024,14000
Miscellaneous Nonresidential Buildings,4-6 Stories,2023,51500
Miscellaneous Nonresidential Buildings,4-6 Stories,2022,10331349
Miscellaneous Nonresidential Buildings,4-6 Stories,2021,100816
Miscellaneous Nonresidential Buildings,4-6 Stories,2020,274602
Miscellaneous Nonresidential Buildings,4-6 Stories,2019,1471380
Miscellaneous Nonresidential Buildings,4-6 Stories,2018,381153
Miscellaneous Nonresidential Buildings,4-6 Stories,2017,5570627
Miscellaneous Nonresidential Buildings,4-6 Stories,2016,258400
Miscellaneous Nonresidential Buildings,4-6 Stories,2015,506406
Miscellaneous Nonresidential Buildings,7-10 Stories,2023,2136
Miscellaneous Nonresidential Buildings,7-10 Stories,2021,206890
Miscellaneous Nonresidential Buildings,7-10 Stories,2019,40900
Miscellaneous Nonresidential Buildings,11-20 Stories,2023,4941
One-family Houses,N/A,2024,53311
One-family Houses,N/A,2023,285539
One-family Houses,N/A,2022,244157
One-family Houses,N/A,2021,232008
One-family Houses,N/A,2020,110877
One-family Houses,N/A,2019,235376
One-family Houses,N/A,2018,94717
One-family Houses,N/A,2017,109305
One-family Houses,N/A,2016,101188
One-family Houses,N/A,2015,186303
One-family Houses,1 Story,2024,65278326
One-family Houses,1 Story,2023,230730027
One-family Houses,1 Story,2022,264861147
One-family Houses,1 Story,2021,305829646
One-family Houses,1 Story,2020,258658771
One-family Houses,1 Story,2019,229899620
One-family Houses,1 Story,2018,229898962
One-family Houses,1 Story,2017,218272715
One-family Houses,1 Story,2016,201008880
One-family Houses,1 Story,2015,185969541
One-family Houses,2-3 Stories,2024,27021
One-family Houses,2-3 Stories,2023,30124
One-family Houses,2-3 Stories,2022,56819
One-family Houses,2-3 Stories,2021,36013
One-family Houses,2-3 Stories,2020,5487
One-family Houses,2-3 Stories,2019,20516
One-family Houses,2-3 Stories,2018,16418
One-family Houses,2-3 Stories,2017,31456
One-family Houses,2-3 Stories,2016,41538
One-family Houses,2-3 Stories,2015,35419
One-family Houses,4-6 Stories,2018,5795
Two-family Houses,N/A,2020,6476
Two-family Houses,N/A,2019,1314
Two-family Houses,N/A,2018,850
Two-family Houses,N/A,2017,420
Two-family Houses,N/A,2016,135
Two-family Houses,N/A,2015,137
Two-family Houses,1 Story,2024,788
Two-family Houses,1 Story,2023,89554
Two-family Houses,1 Story,2022,2803
Two-family Houses,1 Story,2021,1120
Two-family Houses,1 Story,2020,4417
Two-family Houses,1 Story,2019,120
Two-family Houses,1 Story,2018,2517
Two-family Houses,1 Story,2017,209
Two-family Houses,1 Story,2016,3960
Two-family Houses,1 Story,2015,1745
Two-family Houses,2-3 Stories,2024,1310890
Two-family Houses,2-3 Stories,2023,3989445
Two-family Houses,2-3 Stories,2022,4906691
Two-family Houses,2-3 Stories,2021,4818492
Two-family Houses,2-3 Stories,2020,3739731
Two-family Houses,2-3 Stories,2019,3611613
Two-family Houses,2-3 Stories,2018,3256463
Two-family Houses,2-3 Stories,2017,3124260
Two-family Houses,2-3 Stories,2016,2845820
Two-family Houses,2-3 Stories,2015,2473163
Apartments,N/A,2024,2108362
Apartments,N/A,2023,6892764
Apartments,N/A,2022,5891773
Apartments,N/A,2021,5937608
Apartments,N/A,2020,5565753
Apartments,N/A,2019,6755992
Apartments,N/A,2018,6202981
Apartments,N/A,2017,5903174
Apartments,N/A,2016,6841462
Apartments,N/A,2015,6091391
Apartments,1 Story,2024,358379
Apartments,1 Story,2023,1088904
Apartments,1 Story,2022,792034
Apartments,1 Story,2021,692076
Apartments,1 Story,2020,742574
Apartments,1 Story,2019,533479
Apartments,1 Story,2018,868455
Apartments,1 Story,2017,749304
Apartments,1 Story,2016,976874
Apartments,1 Story,2015,1139952
Apartments,2-3 Stories,2024,8691905
Apartments,2-3 Stories,2023,38304500
Apartments,2-3 Stories,2022,40801230
Apartments,2-3 Stories,2021,34711009
Apartments,2-3 Stories,2020,29128158
Apartments,2-3 Stories,2019,26097323
Apartments,2-3 Stories,2018,25520704
Apartments,2-3 Stories,2017,24022309
Apartments,2-3 Stories,2016,23809060
Apartments,2-3 Stories,2015,22404117
Apartments,4-6 Stories,2024,11295337
Apartments,4-6 Stories,2023,48580267
Apartments,4-6 Stories,2022,52557789
Apartments,4-6 Stories,2021,43485567
Apartments,4-6 Stories,2020,32120468
Apartments,4-6 Stories,2019,32073781
Apartments,4-6 Stories,2018,32338108
Apartments,4-6 Stories,2017,27989506
Apartments,4-6 Stories,2016,26402198
Apartments,4-6 Stories,2015,22028250
Apartments,7-10 Stories,2024,2236306
Apartments,7-10 Stories,2023,13233740
Apartments,7-10 Stories,2022,12351162
Apartments,7-10 Stories,2021,9475608
Apartments,7-10 Stories,2020,8033439
Apartments,7-10 Stories,2019,7913316
Apartments,7-10 Stories,2018,8086648
Apartments,7-10 Stories,2017,7815834
Apartments,7-10 Stories,2016,6382074
Apartments,7-10 Stories,2015,6684430
Apartments,11-20 Stories,2024,2126415
Apartments,11-20 Stories,2023,9133238
Apartments,11-20 Stories,2022,12720527
Apartments,11-20 Stories,2021,9766947
Apartments,11-20 Stories,2020,5354972
Apartments,11-20 Stories,2019,8890676
Apartments,11-20 Stories,2018,9449522
Apartments,11-20 Stories,2017,6841588
Apartments,11-20 Stories,2016,9656761
Apartments,11-20 Stories,2015,8068057
Apartments,21+ Stories,2024,4161088
Apartments,21+ Stories,2023,14303938
Apartments,21+ Stories,2022,22145429
Apartments,21+ Stories,2021,11139599
Apartments,21+ Stories,2020,7942016
Apartments,21+ Stories,2019,14628818
Apartments,21+ Stories,2018,14229379
Apartments,21+ Stories,2017,11467422
Apartments,21+ Stories,2016,19374443
Apartments,21+ Stories,2015,18127935
Hotels and Motels,N/A,2024,907615
Hotels and Motels,N/A,2023,2515394
Hotels and Motels,N/A,2022,2292771
Hotels and Motels,N/A,2021,1806796
Hotels and Motels,N/A,2020,2006741
Hotels and Motels,N/A,2019,2990525
Hotels and Motels,N/A,2018,3137390
Hotels and Motels,N/A,2017,2631576
Hotels and Motels,N/A,2016,3443420
Hotels and Motels,N/A,2015,2462364
Hotels and Motels,1 Story,2024,20098
Hotels and Motels,1 Story,2023,117509
Hotels and Motels,1 Story,2022,52733
Hotels and Motels,1 Story,2021,49062
Hotels and Motels,1 Story,2020,97833
Hotels and Motels,1 Story,2019,130583
Hotels and Motels,1 Story,2018,109003
Hotels and Motels,1 Story,2017,90298
Hotels and Motels,1 Story,2016,163108
Hotels and Motels,1 Story,2015,120601
Hotels and Motels,2-3 Stories,2024,92296
Hotels and Motels,2-3 Stories,2023,625818
Hotels and Motels,2-3 Stories,2022,585496
Hotels and Motels,2-3 Stories,2021,349331
Hotels and Motels,2-3 Stories,2020,382086
Hotels and Motels,2-3 Stories,2019,781455
Hotels and Motels,2-3 Stories,2018,687546
Hotels and Motels,2-3 Stories,2017,880195
Hotels and Motels,2-3 Stories,2016,1158413
Hotels and Motels,2-3 Stories,2015,870955
Hotels and Motels,4-6 Stories,2024,1082436
Hotels and Motels,4-6 Stories,2023,4755122
Hotels and Motels,4-6 Stories,2022,4461266
Hotels and Motels,4-6 Stories,2021,2717129
Hotels and Motels,4-6 Stories,2020,2678653
Hotels and Motels,4-6 Stories,2019,5659753
Hotels and Motels,4-6 Stories,2018,5990974
Hotels and Motels,4-6 Stories,2017,5481891
Hotels and Motels,4-6 Stories,2016,5559437
Hotels and Motels,4-6 Stories,2015,5208787
Hotels and Motels,7-10 Stories,2024,237970
Hotels and Motels,7-10 Stories,2023,1214503
Hotels and Motels,7-10 Stories,2022,2096593
Hotels and Motels,7-10 Stories,2021,1182434
Hotels and Motels,7-10 Stories,2020,1012356
Hotels and Motels,7-10 Stories,2019,2863359
Hotels and Motels,7-10 Stories,2018,2097190
Hotels and Motels,7-10 Stories,2017,1809136
Hotels and Motels,7-10 Stories,2016,2382983
Hotels and Motels,7-10 Stories,2015,1895028
Hotels and Motels,11-20 Stories,2024,1000884
Hotels and Motels,11-20 Stories,2023,1428849
Hotels and Motels,11-20 Stories,2022,2544902
Hotels and Motels,11-20 Stories,2021,831439
Hotels and Motels,11-20 Stories,2020,822504
Hotels and Motels,11-20 Stories,2019,2853496
Hotels and Motels,11-20 Stories,2018,3588156
Hotels and Motels,11-20 Stories,2017,2309017
Hotels and Motels,11-20 Stories,2016,3088667
Hotels and Motels,11-20 Stories,2015,1107374
Hotels and Motels,21+ Stories,2023,658000
Hotels and Motels,21+ Stories,2022,607120
Hotels and Motels,21+ Stories,2021,874280
Hotels and Motels,21+ Stories,2020,982000
Hotels and Motels,21+ Stories,2019,2460613
Hotels and Motels,21+ Stories,2018,2277775
Hotels and Motels,21+ Stories,2017,2950918
Hotels and Motels,21+ Stories,2016,1610552
Hotels and Motels,21+ Stories,2015,2010338
Dormitories,N/A,2024,310970
Dormitories,N/A,2023,1060091
Dormitories,N/A,2022,1203259
Dormitories,N/A,2021,896113
Dormitories,N/A,2020,885162
Dormitories,N/A,2019,977189
Dormitories,N/A,2018,1021305
Dormitories,N/A,2017,1233309
Dormitories,N/A,2016,956293
Dormitories,N/A,2015,969233
Dormitories,1 Story,2024,51321
Dormitories,1 Story,2023,353700
Dormitories,1 Story,2022,202303
Dormitories,1 Story,2021,120449
Dormitories,1 Story,2020,125675
Dormitories,1 Story,2019,142861
Dormitories,1 Story,2018,56175
Dormitories,1 Story,2017,185693
Dormitories,1 Story,2016,212540
Dormitories,1 Story,2015,93250
Dormitories,2-3 Stories,2024,104045
Dormitories,2-3 Stories,2023,1007603
Dormitories,2-3 Stories,2022,628994
Dormitories,2-3 Stories,2021,753955
Dormitories,2-3 Stories,2020,433674
Dormitories,2-3 Stories,2019,550062
Dormitories,2-3 Stories,2018,622041
Dormitories,2-3 Stories,2017,716102
Dormitories,2-3 Stories,2016,699914
Dormitories,2-3 Stories,2015,808312
Dormitories,4-6 Stories,2024,635635
Dormitories,4-6 Stories,2023,2097809
Dormitories,4-6 Stories,2022,1891226
Dormitories,4-6 Stories,2021,1397920
Dormitories,4-6 Stories,2020,1584327
Dormitories,4-6 Stories,2019,3549393
Dormitories,4-6 Stories,2018,2476004
Dormitories,4-6 Stories,2017,2455129
Dormitories,4-6 Stories,2016,1710154
Dormitories,4-6 Stories,2015,3055252
Dormitories,7-10 Stories,2024,1305500
Dormitories,7-10 Stories,2023,555135
Dormitories,7-10 Stories,2022,344653
Dormitories,7-10 Stories,2021,469230
Dormitories,7-10 Stories,2020,176342
Dormitories,7-10 Stories,2019,668839
Dormitories,7-10 Stories,2018,621201
Dormitories,7-10 Stories,2017,1514531
Dormitories,7-10 Stories,2016,669522
Dormitories,7-10 Stories,2015,1109523
Dormitories,11-20 Stories,2024,136031
Dormitories,11-20 Stories,2023,374017
Dormitories,11-20 Stories,2022,583669
Dormitories,11-20 Stories,2021,611684
Dormitories,11-20 Stories,2020,371435
Dormitories,11-20 Stories,2019,218000
Dormitories,11-20 Stories,2018,695855
Dormitories,11-20 Stories,2017,332642
Dormitories,11-20 Stories,2016,202975
Dormitories,11-20 Stories,2015,199480
Dormitories,21+ Stories,2022,391315
Dormitories,21+ Stories,2021,214535
Dormitories,21+ Stories,2020,263565
Dormitories,21+ Stories,2019,214845
Dormitories,21+ Stories,2017,241887
Dormitories,21+ Stories,2015,115000
